,message,label,player,special_token_message,match
0,репорт инвока,,1,[Team0][Player1]: репорт инвока,41
1,фидит курой,,1,[Team0][Player1]: фидит курой,41
2,+ слил мид,,1,[Team0][Player1]: + слил мид,41
3,Ez mid,,1,[Team0][Player1]: Ez mid,41
4,пидор,,7,[Team1][Player2]: пидор,41
5,там мартышка,,3,[Team0][Player3]: там мартышка,41
6,снайпер как тебе наш мидер?,,1,[Team0][Player1]: снайпер как тебе наш мидер?,41
7,трупы вы все парни,,2,[Team0][Player2]: трупы вы все парни,41
8,неплохо,,9,[Team1][Player4]: неплохо,41
9,lol,,6,[Team1][Player1]: lol,41
10,он 1 раз спасался если бы ещё сейв тп было,,9,[Team1][Player4]: он 1 раз спасался если бы ещё сейв тп было,41
11,то норм было бы,,9,[Team1][Player4]: то норм было бы,41
12,он вместе с тини играет,,1,[Team0][Player1]: он вместе с тини играет,41
13,два долбаеба,x,1,[Team0][Player1]: два долбаеба,41
14,hello kratos,,1,[Team0][Player1]: hello kratos,39
15,i hope you enjoy the game,,1,[Team0][Player1]: i hope you enjoy the game,39
16,zzz,,9,[Team1][Player4]: zzz,39
17,oh kratos,,1,[Team0][Player1]: oh kratos,39
18,not in jungle?,,1,[Team0][Player1]: not in jungle?,39
19,HAHAHAHA,,1,[Team0][Player1]: HAHAHAHA,39
20,pure shit,,1,[Team0][Player1]: pure shit,39
21,whats wrong pussy,x,1,[Team0][Player1]: whats wrong pussy,39
22,LOL,,1,[Team0][Player1]: LOL,39
23,no team,,9,[Team1][Player4]: no team,39
24,lol,,9,[Team1][Player4]: lol,39
25,how does it feel kratos fag,x,1,[Team0][Player1]: how does it feel kratos fag,39
26,yeah jugg threw in our game too,,1,[Team0][Player1]: yeah jugg threw in our game too,39
27,we had him last game,,1,[Team0][Player1]: we had him last game,39
28,he told us suck a dick,,1,[Team0][Player1]: he told us suck a dick,39
29,but how hes sucking mine,x,1,[Team0][Player1]: but how hes sucking mine,39
30,i have no team end this,,9,[Team1][Player4]: i have no team end this,39
31,end,,9,[Team1][Player4]: end,39
32,how does it feel faggot,x,1,[Team0][Player1]: how does it feel faggot,39
33,MISSLES!,,9,[Team1][Player4]: MISSLES!,39
34,end =),,9,[Team1][Player4]: end =),39
35,missles indeed,,0,[Team0][Player0]: missles indeed,39
36,lol,,9,[Team1][Player4]: lol,39
37,gg tyu,,3,[Team0][Player3]: gg tyu,39
38,gg,,4,[Team0][Player4]: gg,39
39,thank you,,0,[Team0][Player0]: thank you,39
40,enjoy your anal rimming,x,1,[Team0][Player1]: enjoy your anal rimming,39
41,gg,,0,[Team0][Player0]: gg,39
42,commend,,4,[Team0][Player4]: commend,39
43,fucking faggot krratos,x,1,[Team0][Player1]: fucking faggot krratos,39
44,?,,3,[Team0][Player3]: ?,13
45,dont pause for nothing,,3,[Team0][Player3]: dont pause for nothing,13
46,disucssing,,8,[Team1][Player3]: disucssing,13
47,tactical pause,,5,[Team1][Player0]: tactical pause,13
48,kill,,8,[Team1][Player3]: kill,13
49,sry,,8,[Team1][Player3]: sry,13
50,wtf mid come back,,9,[Team1][Player4]: wtf mid come back,13
51,}wtf,,3,[Team0][Player3]: }wtf,13
52,wtf,,3,[Team0][Player3]: wtf,13
53,woiwowowo,,3,[Team0][Player3]: woiwowowo,13
54,:O,,7,[Team1][Player2]: :O,13
55,Lol,,8,[Team1][Player3]: Lol,13
56,ur pause,,8,[Team1][Player3]: ur pause,13
57,lol,,4,[Team0][Player4]: lol,13
58,think,,0,[Team0][Player0]: think,13
59,gonna push more?,,3,[Team0][Player3]: gonna push more?,13
60,end,,3,[Team0][Player3]: end,13
61,can u ppl push,,3,[Team0][Player3]: can u ppl push,13
62,u dont def,,8,[Team1][Player3]: u dont def,13
63,i have to go to another game,,3,[Team0][Player3]: i have to go to another game,13
64,talk cock,,8,[Team1][Player3]: talk cock,13
65,i wont def,,3,[Team0][Player3]: i wont def,13
66,GGWP,,8,[Team1][Player3]: GGWP,13
67,commend me,,7,[Team1][Player2]: commend me,13
68,COMMend us,,8,[Team1][Player3]: COMMend us,13
69,lol storm,,4,[Team0][Player4]: lol storm,13
70,Haha,,9,[Team1][Player4]: Haha,13
71,wow,,3,[Team0][Player3]: wow,13
72,ez game,,8,[Team1][Player3]: ez game,13
73,gg,,6,[Team1][Player1]: gg,13
74,EZ MID,,7,[Team1][Player2]: EZ MID,13
75,==,,8,[Team1][Player3]: ==,13
76,EZ MID,,7,[Team1][Player2]: EZ MID,13
77,super ez,,8,[Team1][Player3]: super ez,13
78,x3 gem,,9,[Team1][Player4]: x3 gem,13
79,EZ MID,,7,[Team1][Player2]: EZ MID,13
80,haha,,9,[Team1][Player4]: haha,13
81,EZ MID,,7,[Team1][Player2]: EZ MID,13
82,lmao,,3,[Team0][Player3]: lmao,92
83,is he coming,,0,[Team0][Player0]: is he coming,92
84,no,,5,[Team1][Player0]: no,92
85,jugg chill,,0,[Team0][Player0]: jugg chill,92
86,if he will reconnect,,9,[Team1][Player4]: if he will reconnect,92
87,i will report jug,,9,[Team1][Player4]: i will report jug,92
88,100%,,9,[Team1][Player4]: 100%,92
89,+,,6,[Team1][Player1]: +,92
90,what's his problem,,0,[Team0][Player0]: what's his problem,92
91,he is virgian,,9,[Team1][Player4]: he is virgian,92
92,wtf,,3,[Team0][Player3]: wtf,92
93,XD,,3,[Team0][Player3]: XD,92
94,I will report every void pickers,,2,[Team0][Player2]: I will report every void pickers,92
95,ha,,3,[Team0][Player3]: ha,92
96,from now on,,2,[Team0][Player2]: from now on,92
97,xD,,6,[Team1][Player1]: xD,92
98,omg this game,,3,[Team0][Player3]: omg this game,92
99,XD,,3,[Team0][Player3]: XD,92
100,;DDDD,,3,[Team0][Player3]: ;DDDD,92
101,ck is high I am sure,,0,[Team0][Player0]: ck is high I am sure,92
102,wHATS HAPPEINN,,3,[Team0][Player3]: wHATS HAPPEINN,92
103,fucking trash void players always ruin my game,,2,[Team0][Player2]: fucking trash void players always ruin my game,92
104,can't chrono,,2,[Team0][Player2]: can't chrono,92
105,NOT ALL VOID PLAYERS,,3,[Team0][Player3]: NOT ALL VOID PLAYERS,92
106,XD,,3,[Team0][Player3]: XD,92
107,fu void report void ty,,0,[Team0][Player0]: fu void report void ty,92
108,HAH,,3,[Team0][Player3]: HAH,92
109,K2,,3,[Team0][Player3]: K2,92
110,rofl,,9,[Team1][Player4]: rofl,92
111,x),,6,[Team1][Player1]: x),92
112,pretty sure jugg is virgin btw,,0,[Team0][Player0]: pretty sure jugg is virgin btw,92
113,premuted SD xD,,2,[Team0][Player2]: premuted SD xD,92
114,i saw yu missing that cs jugg...,,0,[Team0][Player0]: i saw yu missing that cs jugg...,92
115,come on..,,0,[Team0][Player0]: come on..,92
116,ooooh,,3,[Team0][Player3]: ooooh,92
117,?,,1,[Team0][Player1]: ?,92
118,k,,2,[Team0][Player2]: k,92
119,вы можете зайти по миду,,6,[Team1][Player1]: вы можете зайти по миду,92
120,и спушить?,,6,[Team1][Player1]: и спушить?,92
121,у меня все равно кэри хуесос лесочек фармить будет,,6,[Team1][Player1]: у меня все равно кэри хуесос лесочек фармить будет,92
122,он в ранкед зашел чтобы похуй было,,6,[Team1][Player1]: он в ранкед зашел чтобы похуй было,92
123,=),,6,[Team1][Player1]: =),92
124,я виноват?,,5,[Team1][Player0]: я виноват?,92
125,лол,,5,[Team1][Player0]: лол,92
126,da,,9,[Team1][Player4]: da,92
127,ti vinovat,,9,[Team1][Player4]: ti vinovat,92
128,БИТЬ,,8,[Team1][Player3]: БИТЬ,92
129,zachem ti begaesh,,9,[Team1][Player4]: zachem ti begaesh,92
130,za mnoj,,9,[Team1][Player4]: za mnoj,92
131,jivotnoe,,9,[Team1][Player4]: jivotnoe,92
132,HA,,3,[Team0][Player3]: HA,92
133,NEXT TIME,,3,[Team0][Player3]: NEXT TIME,92
134,ILL GO,,3,[Team0][Player3]: ILL GO,92
135,DIVINE,,3,[Team0][Player3]: DIVINE,92
136,go feed,,0,[Team0][Player0]: go feed,45
137,Xd,,3,[Team0][Player3]: Xd,45
138,KKAS,,3,[Team0][Player3]: KKAS,45
139,why did we get paired with the 3 stack who has no idea how to play dota2,,5,[Team1][Player0]: why did we get paired with the 3 stack who has no idea how to play dota2,45
140,ajaj,,4,[Team0][Player4]: ajaj,45
141,rofl,,5,[Team1][Player0]: rofl,45
142,6-26 combined between three of you,,5,[Team1][Player0]: 6-26 combined between three of you,45
143,ajajaj,,4,[Team0][Player4]: ajajaj,45
144,hehehe,,9,[Team1][Player4]: hehehe,85
145,nc xmark,,9,[Team1][Player4]: nc xmark,85
146,jackpoit,,0,[Team0][Player0]: jackpoit,85
147,dr ?,,0,[Team0][Player0]: dr ?,85
148,haha,,0,[Team0][Player0]: haha,85
149,i love you,,7,[Team1][Player2]: i love you,85
150,why you die ?,,0,[Team0][Player0]: why you die ?,85
151,i dint see you,,0,[Team0][Player0]: i dint see you,85
152,love bro,,7,[Team1][Player2]: love bro,85
153,sad,,6,[Team1][Player1]: sad,85
154,SAD,,6,[Team1][Player1]: SAD,85
155,kunka lord,,4,[Team0][Player4]: kunka lord,85
156,gg kunka,,4,[Team0][Player4]: gg kunka,85
157,shut up noob carry,,6,[Team1][Player1]: shut up noob carry,85
158,SAD,,7,[Team1][Player2]: SAD,85
159,SAD HAHAHA,,7,[Team1][Player2]: SAD HAHAHA,85
160,SWAP COMMEND,,7,[Team1][Player2]: SWAP COMMEND,85
161,SWAP COMMEND,,7,[Team1][Player2]: SWAP COMMEND,85
162,hahah,,0,[Team0][Player0]: hahah,85
163,sad,,9,[Team1][Player4]: sad,85
164,SWAP COMMEND,,7,[Team1][Player2]: SWAP COMMEND,85
165,this noob kunka,,4,[Team0][Player4]: this noob kunka,85
166,dr?,,7,[Team1][Player2]: dr?,85
167,HASHAHAHA,,7,[Team1][Player2]: HASHAHAHA,85
168,Bye,,4,[Team0][Player4]: Bye,21
169,wow,,4,[Team0][Player4]: wow,21
170,what bye?,,5,[Team1][Player0]: what bye?,21
171,roart,,0,[Team0][Player0]: roart,21
172,FACELESS VOID,,5,[Team1][Player0]: FACELESS VOID,21
173,why hate me :(,,5,[Team1][Player0]: why hate me :(,21
174,WHY?,,3,[Team0][Player3]: WHY?,21
175,why hate me,,5,[Team1][Player0]: why hate me,21
176,u ENEMY NOOB,,0,[Team0][Player0]: u ENEMY NOOB,21
177,HAHA,,3,[Team0][Player3]: HAHA,21
178,:(,,5,[Team1][Player0]: :(,21
179,snipshit,,5,[Team1][Player0]: snipshit,21
180,WKWKW,,0,[Team0][Player0]: WKWKW,21
181,sad,,2,[Team0][Player2]: sad,21
182,U NOOB SHIT,x,0,[Team0][Player0]: U NOOB SHIT,21
183,haha silence cant cast,,1,[Team0][Player1]: haha silence cant cast,21
184,gg,,4,[Team0][Player4]: gg,21
185,EZ,,3,[Team0][Player3]: EZ,21
186,ok,,5,[Team1][Player0]: ok,21
187,да это просто пиздец,,2,[Team0][Player2]: да это просто пиздец,38
188,лакеры ебучие,,2,[Team0][Player2]: лакеры ебучие,38
189,lol,,6,[Team1][Player1]: lol,38
190,v 4em lak?,,6,[Team1][Player1]: v 4em lak?,38
191,ты видел как тракса съебалась из под моей ульты?,,2,[Team0][Player2]: ты видел как тракса съебалась из под моей ульты?,38
192,net,,6,[Team1][Player1]: net,38
193,вот и иди на хуй,x,2,[Team0][Player2]: вот и иди на хуй,38
194,tak ti na hue,,6,[Team1][Player1]: tak ti na hue,38
195,za4em,,6,[Team1][Player1]: za4em,38
196,slot zan'at,,6,[Team1][Player1]: slot zan'at,38
197,pangol'er dolbaeb?,,6,[Team1][Player1]: pangol'er dolbaeb?,38
198,u teb'a 2 raza basher proknul?,,6,[Team1][Player1]: u teb'a 2 raza basher proknul?,38
199,изи ганк,,1,[Team0][Player1]: изи ганк,38
200,мид,,1,[Team0][Player1]: мид,38
201,gl hf,,1,[Team0][Player1]: gl hf,91
202,w8 pls,,1,[Team0][Player1]: w8 pls,91
203,lol,,3,[Team0][Player3]: lol,91
204,ME FOCA AI,,6,[Team1][Player1]: ME FOCA AI,91
205,SEU FULHO DA PUTA,x,6,[Team1][Player1]: SEU FULHO DA PUTA,91
206,26 assistencias,,4,[Team0][Player4]: 26 assistencias,91
207,Y?,,8,[Team1][Player3]: Y?,91
208,Recomend,,4,[Team0][Player4]: Recomend,91
209,SSSSsss,,8,[Team1][Player3]: SSSSsss,91
210,izi legion start pro,,9,[Team1][Player4]: izi legion start pro,91
211,izi,,8,[Team1][Player3]: izi,91
212,elijan rapido mrd se acaba mi hora :v,,9,[Team1][Player4]: elijan rapido mrd se acaba mi hora :v,9
213,gg,,9,[Team1][Player4]: gg,9
214,verga de lag,,5,[Team1][Player0]: verga de lag,9
215,ez pudge and sniper,,7,[Team1][Player2]: ez pudge and sniper,9
216,ez peru,x,3,[Team0][Player3]: ez peru,9
217,no puedes olo chato ?,,7,[Team1][Player2]: no puedes olo chato ?,9
218,jajajaja que paso puydge ?,,7,[Team1][Player2]: jajajaja que paso puydge ?,9
219,shhh peru shhhhh burrito,x,3,[Team0][Player3]: shhh peru shhhhh burrito,9
220,taco muerto,,2,[Team0][Player2]: taco muerto,9
221,que paso pudge ?,,7,[Team1][Player2]: que paso pudge ?,9
222,haha,,5,[Team1][Player0]: haha,9
223,te mate ?,,7,[Team1][Player2]: te mate ?,9
224,M E X I C O,,3,[Team0][Player3]: M E X I C O,9
225,haha se fue,,5,[Team1][Player0]: haha se fue,9
226,ez,,3,[Team0][Player3]: ez,9
227,ya se fue,,5,[Team1][Player0]: ya se fue,9
228,le defraudaron,,5,[Team1][Player0]: le defraudaron,9
229,i thought this was us east,,4,[Team0][Player4]: i thought this was us east,9
230,:/,,4,[Team0][Player4]: :/,9
231,lol,,2,[Team0][Player2]: lol,9
232,peru east,,3,[Team0][Player3]: peru east,9
233,caia iama,,9,[Team1][Player4]: caia iama,9
234,te cagaste chato,x,9,[Team1][Player4]: te cagaste chato,9
235,me tienes miedo chato,,7,[Team1][Player2]: me tienes miedo chato,9
236,'?,,7,[Team1][Player2]: '?,9
237,por que te corres ?,,7,[Team1][Player2]: por que te corres ?,9
238,xd,,9,[Team1][Player4]: xd,9
239,:'c,,9,[Team1][Player4]: :'c,9
240,hi,,5,[Team1][Player0]: hi,9
241,good neglish!,,3,[Team0][Player3]: good neglish!,9
242,u want me bra?,,9,[Team1][Player4]: u want me bra?,9
243,lol,,5,[Team1][Player0]: lol,9
244,yes,,4,[Team0][Player4]: yes,9
245,also good english,,3,[Team0][Player3]: also good english,9
246,haha,,5,[Team1][Player0]: haha,9
247,we cant dmg each other,,4,[Team0][Player4]: we cant dmg each other,9
248,ez,,3,[Team0][Player3]: ez,9
249,?,,4,[Team0][Player4]: ?,9
250,wait pe causa,,9,[Team1][Player4]: wait pe causa,9
251,oh now you want to wait,,3,[Team0][Player3]: oh now you want to wait,9
252,fucking peruvians,x,3,[Team0][Player3]: fucking peruvians,9
253,xd,,9,[Team1][Player4]: xd,9
254,ez pudge,,7,[Team1][Player2]: ez pudge,9
255,ez burrito,,3,[Team0][Player3]: ez burrito,9
256,muchaco churro el chaop,,3,[Team0][Player3]: muchaco churro el chaop,9
257,chapo,,3,[Team0][Player3]: chapo,9
258,ez pa,,3,[Team0][Player3]: ez pa,9
259,ez hook,,7,[Team1][Player2]: ez hook,9
260,critcritcritcrit,,4,[Team0][Player4]: critcritcritcrit,9
261,jajaja ez mid,,7,[Team1][Player2]: jajaja ez mid,9
262,jajaja sniper,,7,[Team1][Player2]: jajaja sniper,9
263,por que me jals y te vas ?,,7,[Team1][Player2]: por que me jals y te vas ?,9
264,HABIA SLARK XD?,,6,[Team1][Player1]: HABIA SLARK XD?,9
265,a la mrd,,9,[Team1][Player4]: a la mrd,9
266,gg,,9,[Team1][Player4]: gg,9
267,LMAO,,6,[Team1][Player1]: LMAO,9
268,tmr tengo hambre,,9,[Team1][Player4]: tmr tengo hambre,9
269,haha,,5,[Team1][Player0]: haha,9
270,zzzz,,4,[Team0][Player4]: zzzz,9
271,gg,,4,[Team0][Player4]: gg,9
272,gracias,,5,[Team1][Player0]: gracias,9
273,ez mid and pudge,,7,[Team1][Player2]: ez mid and pudge,9
274,haha,,5,[Team1][Player0]: haha,9
275,54 minutes EZ,,4,[Team0][Player4]: 54 minutes EZ,9
276,right,,4,[Team0][Player4]: right,9
277,so much bash,,2,[Team0][Player2]: so much bash,9
278,kirkincho is op,,9,[Team1][Player4]: kirkincho is op,9
279,ez,,4,[Team0][Player4]: ez,9
280,ez wind,,5,[Team1][Player0]: ez wind,9
281,mi hora csm,,9,[Team1][Player4]: mi hora csm,9
282,reporten pa,,5,[Team1][Player0]: reporten pa,9
283,paguenme mrd,,9,[Team1][Player4]: paguenme mrd,9
284,rip,,4,[Team0][Player4]: rip,9
285,:d,,1,[Team0][Player1]: :d,25
286,fuck u,x,7,[Team1][Player2]: fuck u,25
287,u motherfucker,x,7,[Team1][Player2]: u motherfucker,25
288,jungle suck,,7,[Team1][Player2]: jungle suck,25
289,player,,7,[Team1][Player2]: player,25
290,How are you bs?,,1,[Team0][Player1]: How are you bs?,25
291,idiot,x,7,[Team1][Player2]: idiot,25
292,fuck u,x,7,[Team1][Player2]: fuck u,25
293,ez,,7,[Team1][Player2]: ez,25
294,game,,7,[Team1][Player2]: game,25
295,:D,,1,[Team0][Player1]: :D,25
296,sniper,,7,[Team1][Player2]: sniper,25
297,noob,,7,[Team1][Player2]: noob,25
298,Wtf,,7,[Team1][Player2]: Wtf,25
299,ahahaha,,1,[Team0][Player1]: ahahaha,25
300,ez blood,,9,[Team1][Player4]: ez blood,25
301,:DDDD,,1,[Team0][Player1]: :DDDD,25
302,tiny,,7,[Team1][Player2]: tiny,25
303,fuck u,x,7,[Team1][Player2]: fuck u,25
304,so bad,,1,[Team0][Player1]: so bad,25
305,noob,,7,[Team1][Player2]: noob,25
306,bs,,1,[Team0][Player1]: bs,25
307,"NOP BRİ,AN DOTA",,9,"[Team1][Player4]: NOP BRİ,AN DOTA",25
308,report storm,,7,[Team1][Player2]: report storm,25
309,flamer,,7,[Team1][Player2]: flamer,25
310,animal planet,,2,[Team0][Player2]: animal planet,25
311,FRST DOTA BS,,9,[Team1][Player4]: FRST DOTA BS,25
312,this retard,x,7,[Team1][Player2]: this retard,25
313,blame me,,7,[Team1][Player2]: blame me,25
314,Ez,,7,[Team1][Player2]: Ez,25
315,fu,x,7,[Team1][Player2]: fu,25
316,:D,,1,[Team0][Player1]: :D,25
317,bastard,x,7,[Team1][Player2]: bastard,25
318,HbIAAAAAAAAA!!!,,1,[Team0][Player1]: HbIAAAAAAAAA!!!,25
319,HbIAAAAAAAAA!!!,,1,[Team0][Player1]: HbIAAAAAAAAA!!!,25
320,HbIAAAAAAAAA!!!,,1,[Team0][Player1]: HbIAAAAAAAAA!!!,25
321,HbIAAAAAAAAA!!!,,1,[Team0][Player1]: HbIAAAAAAAAA!!!,25
322,lol,,1,[Team0][Player1]: lol,25
323,bs,,1,[Team0][Player1]: bs,25
324,team noob,x,7,[Team1][Player2]: team noob,25
325,LOL THİS BS SPEAKK EZ NOOBS FEED,x,9,[Team1][Player4]: LOL THİS BS SPEAKK EZ NOOBS FEED,25
326,EEZ MİD AND ZERO BS,x,9,[Team1][Player4]: EEZ MİD AND ZERO BS,25
327,Axe leave me alone,,7,[Team1][Player2]: Axe leave me alone,25
328,peice of shit,x,7,[Team1][Player2]: peice of shit,25
329,:D,,1,[Team0][Player1]: :D,25
330,EZ MİD,x,9,[Team1][Player4]: EZ MİD,25
331,Strom reported !,,7,[Team1][Player2]: Strom reported !,25
332,come on bs,,1,[Team0][Player1]: come on bs,25
333,show something,,1,[Team0][Player1]: show something,25
334,LOOL WHY FOR YOPUR FEEED,,9,[Team1][Player4]: LOOL WHY FOR YOPUR FEEED,25
335,i have 3 ez kill,,7,[Team1][Player2]: i have 3 ez kill,25
336,OMG EZ KİLL BS,x,9,[Team1][Player4]: OMG EZ KİLL BS,25
337,Ez,x,7,[Team1][Player2]: Ez,25
338,hahahaha,,7,[Team1][Player2]: hahahaha,25
339,:?D,,1,[Team0][Player1]: :?D,25
340,wtf,,7,[Team1][Player2]: wtf,25
341,where are u,,7,[Team1][Player2]: where are u,25
342,lel,,1,[Team0][Player1]: lel,25
343,noob,x,7,[Team1][Player2]: noob,25
344,TY FOR EZBS,x,9,[Team1][Player4]: TY FOR EZBS,25
345,ahahhaha,,1,[Team0][Player1]: ahahhaha,25
346,просто хауса пикнуть,,0,[Team0][Player0]: просто хауса пикнуть,52
347,и за  20 мин выйграть игру,,0,[Team0][Player0]: и за  20 мин выйграть игру,52
348,он пикнул,,0,[Team0][Player0]: он пикнул,52
349,спекрту,,0,[Team0][Player0]: спекрту,52
350,просто хауса против эмбера,,7,[Team1][Player2]: просто хауса против эмбера,52
351,ага,,7,[Team1][Player2]: ага,52
352,спс за совет,,7,[Team1][Player2]: спс за совет,52
353,он через дискорд,,0,[Team0][Player0]: он через дискорд,52
354,),,0,[Team0][Player0]: ),52
355,лан сори,,0,[Team0][Player0]: лан сори,52
356,с новым годом всех,,0,[Team0][Player0]: с новым годом всех,52
357,да ну,,0,[Team0][Player0]: да ну,52
358,SRTSLY,,6,[Team1][Player1]: SRTSLY,52
359,братан,,3,[Team0][Player3]: братан,52
360,сумия пизже играет,,3,[Team0][Player3]: сумия пизже играет,52
361,ya znay,,6,[Team1][Player1]: ya znay,52
362,2 mani ne hvatilo),,6,[Team1][Player1]: 2 mani ne hvatilo),52
363,ofc,,6,[Team1][Player1]: ofc,52
364,GG,,5,[Team1][Player0]: GG,52
365,a che ne 5?,,6,[Team1][Player1]: a che ne 5?,52
366,в 5,,0,[Team0][Player0]: в 5,52
367,и так,,0,[Team0][Player0]: и так,52
368,все,,0,[Team0][Player0]: все,52
369,a vot,,6,[Team1][Player1]: a vot,52
370,5,,6,[Team1][Player1]: 5,52
371,togda vse nnorm,,6,[Team1][Player1]: togda vse nnorm,52
372,end these retards,x,5,[Team1][Player0]: end these retards,52
373,блять спетра,,0,[Team0][Player0]: блять спетра,52
374,1 словом,,0,[Team0][Player0]: 1 словом,52
375,божество блять,,0,[Team0][Player0]: божество блять,52
376,изи,,0,[Team0][Player0]: изи,52
377,;bd,,9,[Team1][Player4]: ;bd,52
378,жив,,9,[Team1][Player4]: жив,52
379,цел,,9,[Team1][Player4]: цел,52
380,орел,,9,[Team1][Player4]: орел,52
381,fuck you still,x,6,[Team1][Player1]: fuck you still,19
382,?,,3,[Team0][Player3]: ?,19
383,.???,,3,[Team0][Player3]: .???,19
384,??,,6,[Team1][Player1]: ??,19
385,??????,,3,[Team0][Player3]: ??????,19
386,????????,,6,[Team1][Player1]: ????????,19
387,???,,1,[Team0][Player1]: ???,19
388,?,,3,[Team0][Player3]: ?,19
389,my back up did not show,,9,[Team1][Player4]: my back up did not show,19
390,we would have teared you a new asshole,,9,[Team1][Player4]: we would have teared you a new asshole,19
391,nice ward,,9,[Team1][Player4]: nice ward,19
392,nice gank,,3,[Team0][Player3]: nice gank,19
393,maphack,,0,[Team0][Player0]: maphack,19
394,thanks i guess,,1,[Team0][Player1]: thanks i guess,19
395,?,,9,[Team1][Player4]: ?,19
396,????,,3,[Team0][Player3]: ????,19
397,?,,3,[Team0][Player3]: ?,19
398,why save him let me kill him fucker,x,6,[Team1][Player1]: why save him let me kill him fucker,19
399,?,,3,[Team0][Player3]: ?,19
400,sorry for flaming,,6,[Team1][Player1]: sorry for flaming,19
401,g,,0,[Team0][Player0]: g,19
402,thx,,0,[Team0][Player0]: thx,19
403,?,,2,[Team0][Player2]: ?,19
404,?,,6,[Team1][Player1]: ?,19
405,?,,3,[Team0][Player3]: ?,19
406,?????????????????????,,3,[Team0][Player3]: ?????????????????????,19
407,gg wp,,5,[Team1][Player0]: gg wp,19
408,gg,,8,[Team1][Player3]: gg,19
409,ez,,2,[Team0][Player2]: ez,19
410,gg wp,,1,[Team0][Player1]: gg wp,19
411,zizi,,4,[Team0][Player4]: zizi,19
412,?,,3,[Team0][Player3]: ?,19
413,nice quadrilane mid,,0,[Team0][Player0]: nice quadrilane mid,19
414,GG wp gl next,,6,[Team1][Player1]: GG wp gl next,19
415,lol,,8,[Team1][Player3]: lol,19
416,?,,6,[Team1][Player1]: ?,19
417,assholes,x,0,[Team0][Player0]: assholes,19
418,???????????,,3,[Team0][Player3]: ???????????,19
419,sf wanna be,,7,[Team1][Player2]: sf wanna be,24
420,^^,,7,[Team1][Player2]: ^^,24
421,huh ?,,4,[Team0][Player4]: huh ?,24
422,what ur proble m,,4,[Team0][Player4]: what ur proble m,24
423,nvm,,7,[Team1][Player2]: nvm,24
424,..,,7,[Team1][Player2]: ..,24
425,..,,7,[Team1][Player2]: ..,24
426,why always ez,,7,[Team1][Player2]: why always ez,24
427,hahahahaha,,7,[Team1][Player2]: hahahahaha,24
428,QT MO GAGO,,7,[Team1][Player2]: QT MO GAGO,24
429,?,,1,[Team0][Player1]: ?,24
430,??,,7,[Team1][Player2]: ??,24
431,fucking pick 2 offlane,,3,[Team0][Player3]: fucking pick 2 offlane,24
432,NOOB,,7,[Team1][Player2]: NOOB,24
433,SHIT,,7,[Team1][Player2]: SHIT,24
434,will he coming ?,,4,[Team0][Player4]: will he coming ?,63
435,swabe english ah,,8,[Team1][Player3]: swabe english ah,63
436,will he coming,,8,[Team1][Player3]: will he coming,63
437,afk,,5,[Team1][Player0]: afk,63
438,wait,,5,[Team1][Player0]: wait,63
439,he leave dude,,6,[Team1][Player1]: he leave dude,63
440,oo,,5,[Team1][Player0]: oo,63
441,ung slark,,5,[Team1][Player0]: ung slark,63
442,tang ina,,5,[Team1][Player0]: tang ina,63
443,tanga e,,5,[Team1][Player0]: tanga e,63
444,slark,,5,[Team1][Player0]: slark,63
445,tanga,,5,[Team1][Player0]: tanga,63
446,HAHAHA,,5,[Team1][Player0]: HAHAHA,63
447,meron tanga,x,5,[Team1][Player0]: meron tanga,63
448,ung tatay nya,x,5,[Team1][Player0]: ung tatay nya,63
449,slark,,5,[Team1][Player0]: slark,63
450,whre are u,,5,[Team1][Player0]: whre are u,63
451,JHAHA,,5,[Team1][Player0]: JHAHA,63
452,gg,,3,[Team0][Player3]: gg,63
453,END,,3,[Team0][Player3]: END,63
454,slark,,5,[Team1][Player0]: slark,63
455,?,,5,[Team1][Player0]: ?,63
456,slark/,,5,[Team1][Player0]: slark/,63
457,lol,,0,[Team0][Player0]: lol,63
458,bobo,,9,[Team1][Player4]: bobo,63
459,HERALD ANDERSON ANG GALAWAN,,9,[Team1][Player4]: HERALD ANDERSON ANG GALAWAN,63
460,teka yung tropa ko,,8,[Team1][Player3]: teka yung tropa ko,63
461,}diba,,5,[Team1][Player0]: }diba,63
462,seriously?,,3,[Team0][Player3]: seriously?,63
463,slark,,5,[Team1][Player0]: slark,63
464,Slark,,5,[Team1][Player0]: Slark,63
465,taga san ka,,5,[Team1][Player0]: taga san ka,63
466,HAHHA,,5,[Team1][Player0]: HAHHA,63
467,yayaya,,5,[Team1][Player0]: yayaya,63
468,DI NYA MAHULI SLARK,,9,[Team1][Player4]: DI NYA MAHULI SLARK,63
469,WAWA,,5,[Team1][Player0]: WAWA,63
470,sarap,,5,[Team1][Player0]: sarap,63
471,ez,,1,[Team0][Player1]: ez,63
472,LOL,,3,[Team0][Player3]: LOL,63
473,GG,,3,[Team0][Player3]: GG,63
474,HAHAHA,,5,[Team1][Player0]: HAHAHA,63
475,iyakin,,5,[Team1][Player0]: iyakin,63
476,haha,,6,[Team1][Player1]: haha,63
477,LOL,,3,[Team0][Player3]: LOL,63
478,esasy,,6,[Team1][Player1]: esasy,63
479,ang tanga mo,x,5,[Team1][Player0]: ang tanga mo,63
480,ANG TANGA NI HERALD ANDERSON,x,9,[Team1][Player4]: ANG TANGA NI HERALD ANDERSON,63
481,end,,6,[Team1][Player1]: end,63
482,slark,,5,[Team1][Player0]: slark,63
483,SLARK DAW,,9,[Team1][Player4]: SLARK DAW,63
484,LC DUEL NAMAN DYAN,,9,[Team1][Player4]: LC DUEL NAMAN DYAN,63
485,GG,,3,[Team0][Player3]: GG,63
486,gg,,8,[Team1][Player3]: gg,63
487,End,,3,[Team0][Player3]: End,63
488,goodgame,,6,[Team1][Player1]: goodgame,63
489,ран вася ран,,8,[Team1][Player3]: ран вася ран,65
490,lol :DWQDwq,,3,[Team0][Player3]: lol :DWQDwq,65
491,do u see me,,3,[Team0][Player3]: do u see me,65
492,yes,,5,[Team1][Player0]: yes,65
493,Aq böyle oyunun ya :D,,3,[Team0][Player3]: Aq böyle oyunun ya :D,65
494,оранжевый,,8,[Team1][Player3]: оранжевый,65
495,что ты за чудовище,,8,[Team1][Player3]: что ты за чудовище,65
496,сф красава,,8,[Team1][Player3]: сф красава,65
497,:D,,3,[Team0][Player3]: :D,65
498,Bi sal ya :D,,3,[Team0][Player3]: Bi sal ya :D,65
499,sven reporetd,,3,[Team0][Player3]: sven reporetd,65
500,GG,,7,[Team1][Player2]: GG,65
501,sven reported pls,,3,[Team0][Player3]: sven reported pls,65
502,ez,,8,[Team1][Player3]: ez,65
503,reported sven,,3,[Team0][Player3]: reported sven,65
504,кто урсу забанил ?),,8,[Team1][Player3]: кто урсу забанил ?),30
505,Я,,0,[Team0][Player0]: Я,30
506,а нахуя ?),,8,[Team1][Player3]: а нахуя ?),30
507,а не хочу его видеть в этой катке,,0,[Team0][Player0]: а не хочу его видеть в этой катке,30
508,чтобы дауны не пикали и играли на нормальных героях,,9,[Team1][Player4]: чтобы дауны не пикали и играли на нормальных героях,30
509,ty,,9,[Team1][Player4]: ty,30
510,на 1 удар а ты пальчиом ковыряешь,,8,[Team1][Player3]: на 1 удар а ты пальчиом ковыряешь,30
511,250 хп на 1 удар ?,,2,[Team0][Player2]: 250 хп на 1 удар ?,30
512,хуйню не неси,,2,[Team0][Player2]: хуйню не неси,30
513,у него 1 хп было,,9,[Team1][Player4]: у него 1 хп было,30
514,он соляру прожал,,9,[Team1][Player4]: он соляру прожал,30
515,домой мусор,,2,[Team0][Player2]: домой мусор,30
516,ты дурак?,,9,[Team1][Player4]: ты дурак?,30
517,мусор домой звать,,9,[Team1][Player4]: мусор домой звать,30
518,биомусор,,2,[Team0][Player2]: биомусор,30
519,лиона не трож,,0,[Team0][Player0]: лиона не трож,30
520,сука,,0,[Team0][Player0]: сука,30
521,жаль биомусор,,9,[Team1][Player4]: жаль биомусор,30
522,хуево быть тобой,,9,[Team1][Player4]: хуево быть тобой,30
523,найс стрелки метаешь,,2,[Team0][Player2]: найс стрелки метаешь,30
524,школа,,2,[Team0][Player2]: школа,30
525,так ты уточняй,,9,[Team1][Player4]: так ты уточняй,30
526,поеботня тупорылая,x,9,[Team1][Player4]: поеботня тупорылая,30
527,как скажешь биомусор,x,2,[Team0][Player2]: как скажешь биомусор,30
528,без запятой,,9,[Team1][Player4]: без запятой,30
529,уууу,,9,[Team1][Player4]: уууу,30
530,ваше похуй,,2,[Team0][Player2]: ваше похуй,30
531,я играю,,2,[Team0][Player2]: я играю,30
532,изи морта,,2,[Team0][Player2]: изи морта,30
533,типа обидно должно быть?,,9,[Team1][Player4]: типа обидно должно быть?,30
534,"то, что вы победили из-за 4-х долбаебов",,9,"[Team1][Player4]: то, что вы победили из-за 4-х долбаебов",30
535,хаха,,2,[Team0][Player2]: хаха,30
536,я так понял ты в эту 4ку входишь?,,2,[Team0][Player2]: я так понял ты в эту 4ку входишь?,30
537,"тупой значит, раз так думаешь",,9,"[Team1][Player4]: тупой значит, раз так думаешь",30
538,bpb,,2,[Team0][Player2]: bpb,30
539,изи,,2,[Team0][Player2]: изи,30
540,хаос мусор кери,,9,[Team1][Player4]: хаос мусор кери,30
541,панголь бесполезный кусок говна как и кент,x,9,[Team1][Player4]: панголь бесполезный кусок говна как и кент,30
542,а шторм просто бесполезный,,9,[Team1][Player4]: а шторм просто бесполезный,30
543,да и ты тоже,,2,[Team0][Player2]: да и ты тоже,30
544,отвечаешь?,,9,[Team1][Player4]: отвечаешь?,30
545,"а не, что я оффлейновый?",,9,"[Team1][Player4]: а не, что я оффлейновый?",30
546,не?,,9,[Team1][Player4]: не?,30
547,еблет обоссаный,x,9,[Team1][Player4]: еблет обоссаный,30
548,что ты мне сделал на харде,,2,[Team0][Player2]: что ты мне сделал на харде,30
549,ничего,,2,[Team0][Player2]: ничего,30
550,крипов ты мне не мешал добивать,,2,[Team0][Player2]: крипов ты мне не мешал добивать,30
551,отвечаешь?,,9,[Team1][Player4]: отвечаешь?,30
552,вот и думай мусорка на морте,,2,[Team0][Player2]: вот и думай мусорка на морте,30
553,:(,,3,[Team0][Player3]: :(,30
554,просто давно морту не видил которая бьет спектру под вымакшенным 3 ск,,2,[Team0][Player2]: просто давно морту не видил которая бьет спектру под вымакшенным 3 ск,30
555,и стоит дамаг в ебло ловит,,2,[Team0][Player2]: и стоит дамаг в ебло ловит,30
556,лол,,0,[Team0][Player0]: лол,30
557,вот это команда,,9,[Team1][Player4]: вот это команда,30
558,вот это спасибо габен,,9,[Team1][Player4]: вот это спасибо габен,30
559,стоят...,,9,[Team1][Player4]: стоят...,30
560,смотрят,,9,[Team1][Player4]: смотрят,30
561,ваще похуй,,9,[Team1][Player4]: ваще похуй,30
562,вот весь мидер,,9,[Team1][Player4]: вот весь мидер,30
563,изи,,2,[Team0][Player2]: изи,30
564,Nice profile pictures,,3,[Team0][Player3]: Nice profile pictures,44
565,"Candybox, have you met Klingarin, I think you'd get along well",,3,"[Team0][Player3]: Candybox, have you met Klingarin, I think you'd get along well",44
566,lollolololol,,2,[Team0][Player2]: lollolololol,44
567,0.o xD,,7,[Team1][Player2]: 0.o xD,44
568,kek,,8,[Team1][Player3]: kek,44
569,OwO,,4,[Team0][Player4]: OwO,44
570,wr is russianboy,,8,[Team1][Player3]: wr is russianboy,44
571,kek,,8,[Team1][Player3]: kek,44
572,wr is RUSSIAN,,8,[Team1][Player3]: wr is RUSSIAN,44
573,HEllo,,8,[Team1][Player3]: HEllo,44
574,you are suck Putins dick,,9,[Team1][Player4]: you are suck Putins dick,44
575,I am suck dick,,0,[Team0][Player0]: I am suck dick,44
576,No,,4,[Team0][Player4]: No,44
577,how are u guys so gud,,2,[Team0][Player2]: how are u guys so gud,44
578,can't catch this slippery poison snake,,0,[Team0][Player0]: can't catch this slippery poison snake,44
579,ez,,3,[Team0][Player3]: ez,44
580,wp,,1,[Team0][Player1]: wp,44
581,gg wp,,0,[Team0][Player0]: gg wp,44
582,ggwp,,5,[Team1][Player0]: ggwp,44
583,gg,,7,[Team1][Player2]: gg,44
584,he got sents,,3,[Team0][Player3]: he got sents,18
585,wp!,,9,[Team1][Player4]: wp!,18
586,"sadfl.k;jasdghfl,jkasdgfas,djfasd",,5,"[Team1][Player0]: sadfl.k;jasdghfl,jkasdgfas,djfasd",18
587,PUTANG INA MO,,5,[Team1][Player0]: PUTANG INA MO,18
588,haahhahaahha,,3,[Team0][Player3]: haahhahaahha,18
589,TANGI NA MO,,5,[Team1][Player0]: TANGI NA MO,18
590,BOUNTY,,5,[Team1][Player0]: BOUNTY,18
591,dota pa,,3,[Team0][Player3]: dota pa,18
592,NICE BOUNTY,,5,[Team1][Player0]: NICE BOUNTY,18
593,Im outplayed,,5,[Team1][Player0]: Im outplayed,18
594,lol,,4,[Team0][Player4]: lol,18
595,hahahah gago ka,,3,[Team0][Player3]: hahahah gago ka,18
596,FUCK YOU,x,5,[Team1][Player0]: FUCK YOU,18
597,Delete dota,x,3,[Team0][Player3]: Delete dota,18
598,thankiu,,4,[Team0][Player4]: thankiu,18
599,never buy sent,,8,[Team1][Player3]: never buy sent,18
600,play,,3,[Team0][Player3]: play,18
601,then say wp,,8,[Team1][Player3]: then say wp,18
602,dress up,,3,[Team0][Player3]: dress up,18
603,Gg,,3,[Team0][Player3]: Gg,18
604,gg,,3,[Team0][Player3]: gg,18
605,wp!,,9,[Team1][Player4]: wp!,18
606,WTF IS THAT IMBALANCE SPELL,,4,[Team0][Player4]: WTF IS THAT IMBALANCE SPELL,18
607,wtdf,,9,[Team1][Player4]: wtdf,18
608,HAHAHHAHA,,9,[Team1][Player4]: HAHAHHAHA,18
609,wtf is that hero,,4,[Team0][Player4]: wtf is that hero,18
610,confirm nerf next patch,,4,[Team0][Player4]: confirm nerf next patch,18
611,no tp,,5,[Team1][Player0]: no tp,18
612,now,,4,[Team0][Player4]: now,18
613,WHY AM I MATCHED WITH THIS RETARD,x,4,[Team0][Player4]: WHY AM I MATCHED WITH THIS RETARD,18
614,how is a fucking sf die 10 + times fat than our carry,,4,[Team0][Player4]: how is a fucking sf die 10 + times fat than our carry,18
615,cuz we had Luna,,8,[Team1][Player3]: cuz we had Luna,18
616,total junk am,,4,[Team0][Player4]: total junk am,18
617,i am done,,4,[Team0][Player4]: i am done,18
618,go fucking end,,4,[Team0][Player4]: go fucking end,18
619,this fucking am,,4,[Team0][Player4]: this fucking am,18
620,you out played me,,5,[Team1][Player0]: you out played me,18
621,my team outplayed me,,4,[Team0][Player4]: my team outplayed me,18
622,no one can buy a bkb in my team btw,,4,[Team0][Player4]: no one can buy a bkb in my team btw,18
623,region locked,,4,[Team0][Player4]: region locked,18
624,haha,,5,[Team1][Player0]: haha,18
625,only available for dire,,4,[Team0][Player4]: only available for dire,18
626,..,,4,[Team0][Player4]: ..,18
627,MANTA DODGE SILENT YOU FUCKFACE AM,x,4,[Team0][Player4]: MANTA DODGE SILENT YOU FUCKFACE AM,18
628,AM didn't even kill anyone,,7,[Team1][Player2]: AM didn't even kill anyone,18
629,we know,,4,[Team0][Player4]: we know,18
630,..,,4,[Team0][Player4]: ..,18
631,you have noob AM,,7,[Team1][Player2]: you have noob AM,18
632,and we have noob SF,,7,[Team1][Player2]: and we have noob SF,18
633,cheze,,5,[Team1][Player0]: cheze,18
634,you wan am?,,4,[Team0][Player4]: you wan am?,18
635,he reported me from the 1st sec of the game,,7,[Team1][Player2]: he reported me from the 1st sec of the game,18
636,i can have sf and win the game at 20 fucking minute,,4,[Team0][Player4]: i can have sf and win the game at 20 fucking minute,18
637,THAT AXE,,5,[Team1][Player0]: THAT AXE,18
638,Gege,,9,[Team1][Player4]: Gege,18
639,GG,,6,[Team1][Player1]: GG,18
640,fcking core,,4,[Team0][Player4]: fcking core,18
641,..,,4,[Team0][Player4]: ..,18
642,HAHA,,5,[Team1][Player0]: HAHA,18
643,ez,,9,[Team1][Player4]: ez,18
644,still report Luna,,8,[Team1][Player3]: still report Luna,18
645,HAHAHAHA,,9,[Team1][Player4]: HAHAHAHA,18
646,¡,,5,[Team1][Player0]: ¡,31
647,so lucky,,3,[Team0][Player3]: so lucky,31
648,bueno pero gane mi duelo,,6,[Team1][Player1]: bueno pero gane mi duelo,31
649,REPORT DAZZLE,,5,[Team1][Player0]: REPORT DAZZLE,31
650,GG,,5,[Team1][Player0]: GG,31
651,GEGE,,4,[Team0][Player4]: GEGE,31
652,report dazzle,,5,[Team1][Player0]: report dazzle,31
653,rage?,,0,[Team0][Player0]: rage?,31
654,REPORT UR ASS,,4,[Team0][Player4]: REPORT UR ASS,31
655,AFK TILL MINUTE 45,,5,[Team1][Player0]: AFK TILL MINUTE 45,31
656,gg,,5,[Team1][Player0]: gg,31
657,gg,,0,[Team0][Player0]: gg,31
658,ez pango,,9,[Team1][Player4]: ez pango,31
659,ggwp,,3,[Team0][Player3]: ggwp,31
660,просто нахуй в писду,x,8,[Team1][Player3]: просто нахуй в писду,75
661,смысле по тебе сало не прошло ?((,,5,[Team1][Player0]: смысле по тебе сало не прошло ?((,75
662,я же успел к себе притянуть камушек,,5,[Team1][Player0]: я же успел к себе притянуть камушек,75
663,репорт пидару,x,8,[Team1][Player3]: репорт пидару,75
664,сука больше не кто из вас,x,8,[Team1][Player3]: сука больше не кто из вас,75
665,в мид не пойдет,,8,[Team1][Player3]: в мид не пойдет,75
666,(,,1,[Team0][Player1]: (,75
667,)_,,9,[Team1][Player4]: )_,75
668,)))),,3,[Team0][Player3]: )))),75
669,понапикуют коров,,8,[Team1][Player3]: понапикуют коров,75
670,а потом ливают,,8,[Team1][Player3]: а потом ливают,75
671,2 на1,,5,[Team1][Player0]: 2 на1,75
672,интересный факт у моего мидера лвл как у меня,,5,[Team1][Player0]: интересный факт у моего мидера лвл как у меня,75
673,и фарма меньше ),,5,[Team1][Player0]: и фарма меньше ),75
674,прыгай,,3,[Team0][Player3]: прыгай,75
675,ко мне на хуй,,3,[Team0][Player3]: ко мне на хуй,75
676,),,3,[Team0][Player3]: ),75
677,да какая пауза,,5,[Team1][Player0]: да какая пауза,75
678,нахуй пошел,x,8,[Team1][Player3]: нахуй пошел,75
679,у нас нету игрока,,5,[Team1][Player0]: у нас нету игрока,75
680,4 v 4,,6,[Team1][Player1]: 4 v 4,75
681,ты дебила куска,x,8,[Team1][Player3]: ты дебила куска,75
682,или как,,8,[Team1][Player3]: или как,75
683,куска,,0,[Team0][Player0]: куска,75
684,да не нахуй идите,,8,[Team1][Player3]: да не нахуй идите,75
685,что так страшно проебать ?,,5,[Team1][Player0]: что так страшно проебать ?,75
686,мусор,,5,[Team1][Player0]: мусор,75
687,ебать сыкло,x,8,[Team1][Player3]: ебать сыкло,75
688,"Сколько вам лет, господа? :D",,2,"[Team0][Player2]: Сколько вам лет, господа? :D",75
689,вовремя,,9,[Team1][Player4]: вовремя,75
690,),,3,[Team0][Player3]: ),75
691,бомжы ебанные,x,8,[Team1][Player3]: бомжы ебанные,75
692,"3 в 5 , 33 минуты играть",,5,"[Team1][Player0]: 3 в 5 , 33 минуты играть",75
693,вот вы хуёвые,,5,[Team1][Player0]: вот вы хуёвые,75
694,)),,2,[Team0][Player2]: )),75
695,лол,,0,[Team0][Player0]: лол,75
696,почему я вам проиграл,,5,[Team1][Player0]: почему я вам проиграл,75
697,"лол , а что смешного ?",,5,"[Team1][Player0]: лол , а что смешного ?",75
698,это факт,,5,[Team1][Player0]: это факт,75
699,Потому что ты дно,,0,[Team0][Player0]: Потому что ты дно,75
700,СУка рапира,,3,[Team0][Player3]: СУка рапира,89
701,С топориком,,3,[Team0][Player3]: С топориком,89
702,Крипов добить не может,,3,[Team0][Player3]: Крипов добить не может,89
703,попизди),x,5,[Team1][Player0]: попизди),89
704,изи,,5,[Team1][Player0]: изи,89
705,отвлёкся на изи 1кнопочного,,5,[Team1][Player0]: отвлёкся на изи 1кнопочного,89
706,сори,,5,[Team1][Player0]: сори,89
707,ты тут откуда,,4,[Team0][Player4]: ты тут откуда,89
708,хуесос,x,1,[Team0][Player1]: хуесос,89
709,ссаный,x,1,[Team0][Player1]: ссаный,89
710,слабый,,1,[Team0][Player1]: слабый,89
711,я выебук тебя,x,1,[Team0][Player1]: я выебук тебя,89
712,К,,1,[Team0][Player1]: К,89
713,К,,1,[Team0][Player1]: К,89
714,R,,7,[Team1][Player2]: R,89
715,R,,7,[Team1][Player2]: R,89
716,?,,9,[Team1][Player4]: ?,89
717,?,,1,[Team0][Player1]: ?,89
718,?,,1,[Team0][Player1]: ?,89
719,?,,1,[Team0][Player1]: ?,89
720,?,,1,[Team0][Player1]: ?,89
721,?,,7,[Team1][Player2]: ?,89
722,wowo,,9,[Team1][Player4]: wowo,89
723,нихуяск,,4,[Team0][Player4]: нихуяск,89
724,да лна,,9,[Team1][Player4]: да лна,89
725,бывает,,9,[Team1][Player4]: бывает,89
726,Daun,,8,[Team1][Player3]: Daun,89
727,sdohni,,8,[Team1][Player3]: sdohni,89
728,?,,7,[Team1][Player2]: ?,89
729,????,,7,[Team1][Player2]: ????,89
730,?,,9,[Team1][Player4]: ?,89
731,?,,5,[Team1][Player0]: ?,89
732,????,,9,[Team1][Player4]: ????,89
733,?,,1,[Team0][Player1]: ?,89
734,??,,1,[Team0][Player1]: ??,89
735,?,,1,[Team0][Player1]: ?,89
736,изи,x,5,[Team1][Player0]: изи,89
737,мид,,5,[Team1][Player0]: мид,89
738,изи,,5,[Team1][Player0]: изи,89
739,мид,,5,[Team1][Player0]: мид,89
740,1 на кнопка не выйгрывает,,5,[Team1][Player0]: 1 на кнопка не выйгрывает,89
741,9/9,,3,[Team0][Player3]: 9/9,89
742,10/9,,5,[Team1][Player0]: 10/9,89
743,а свену норм?,,9,[Team1][Player4]: а свену норм?,89
744,ты хотел скащать,,5,[Team1][Player0]: ты хотел скащать,89
745,ее бой,,9,[Team1][Player4]: ее бой,89
746,ты молодец,,9,[Team1][Player4]: ты молодец,89
747,Найс скрипт уебище,,3,[Team0][Player3]: Найс скрипт уебище,89
748,скрипт?))))))),,5,[Team1][Player0]: скрипт?))))))),89
749,(кунка),,3,[Team0][Player3]: (кунка),89
750,изи,,5,[Team1][Player0]: изи,89
751,какой скрпт,,5,[Team1][Player0]: какой скрпт,89
752,:DDD,,7,[Team1][Player2]: :DDD,89
753,Он любой скилл снимает,,3,[Team0][Player3]: Он любой скилл снимает,89
754,тут ток скай со скриптами играет,,5,[Team1][Player0]: тут ток скай со скриптами играет,89
755,Да да да,,3,[Team0][Player3]: Да да да,89
756,ЛДА ДА ДА,,3,[Team0][Player3]: ЛДА ДА ДА,89
757,ВЕРЮ,,3,[Team0][Player3]: ВЕРЮ,89
758,ПРОВЕРЬ,,3,[Team0][Player3]: ПРОВЕРЬ,89
759,Не скрипт,,3,[Team0][Player3]: Не скрипт,89
760,Сам клацает,,3,[Team0][Player3]: Сам клацает,89
761,ты даун?),,6,[Team1][Player1]: ты даун?),89
762,report,,4,[Team0][Player4]: report,59
763,ez,,4,[Team0][Player4]: ez,59
764,Chupa,,6,[Team1][Player1]: Chupa,59
765,chupa?,,2,[Team0][Player2]: chupa?,59
766,KKKKKKKKKKKKKKKKKKKKKKKKKKKKKKKKKKKKKKKKk,,2,[Team0][Player2]: KKKKKKKKKKKKKKKKKKKKKKKKKKKKKKKKKKKKKKKKk,59
767,qr falar o q desse teu invoker hc?,,2,[Team0][Player2]: qr falar o q desse teu invoker hc?,59
768,chupo,,4,[Team0][Player4]: chupo,59
769,ai delicia,,3,[Team0][Player3]: ai delicia,59
770,e voce invoker?,,3,[Team0][Player3]: e voce invoker?,59
771,chupa?,,3,[Team0][Player3]: chupa?,59
772,relaxa o invoker ta de linkens n vou mais duelar ele,,2,[Team0][Player2]: relaxa o invoker ta de linkens n vou mais duelar ele,59
773,ops,,2,[Team0][Player2]: ops,59
774,[random] Tema,,3,[Team0][Player3]: [random] Tema,59
775,Ez,,6,[Team1][Player1]: Ez,59
776,Eezz =D,,2,[Team0][Player2]: Eezz =D,59
777,ti amo,,4,[Team0][Player4]: ti amo,59
778,invo,,4,[Team0][Player4]: invo,59
779,melhor invo melhor clã xDD,,2,[Team0][Player2]: melhor invo melhor clã xDD,59
780,ti amo sniper,,4,[Team0][Player4]: ti amo sniper,59
781,gg,,5,[Team1][Player0]: gg,59
782,ez,,6,[Team1][Player1]: ez,59
783,ez team,,5,[Team1][Player0]: ez team,59
784,hahahahahahah,,7,[Team1][Player2]: hahahahahahah,59
785,Chupa,,6,[Team1][Player1]: Chupa,59
786,я уверен,,2,[Team0][Player2]: я уверен,0
787,что тут вард,,2,[Team0][Player2]: что тут вард,0
788,я прав?,,2,[Team0][Player2]: я прав?,0
789,на хг есть вард?,,2,[Team0][Player2]: на хг есть вард?,0
790,ставь сентри,,7,[Team1][Player2]: ставь сентри,0
791,"когда против тебя пудж, тут всегда вард",,2,"[Team0][Player2]: когда против тебя пудж, тут всегда вард",0
792,узнаешь,,7,[Team1][Player2]: узнаешь,0
793,или он ближе к руне?,,2,[Team0][Player2]: или он ближе к руне?,0
794,hg,,6,[Team1][Player1]: hg,0
795,ставь сентри дружок,,7,[Team1][Player2]: ставь сентри дружок,0
796,двухходовочка ск,,4,[Team0][Player4]: двухходовочка ск,0
797,не прокатит,,4,[Team0][Player4]: не прокатит,0
798,слушай тинкера,,7,[Team1][Player2]: слушай тинкера,0
799,;-),,7,[Team1][Player2]: ;-),0
800,подождем,,2,[Team0][Player2]: подождем,0
801,тинкер в муте,,2,[Team0][Player2]: тинкер в муте,0
802,лол,,2,[Team0][Player2]: лол,0
803,Жаль,,7,[Team1][Player2]: Жаль,0
804,удачной вам игры,,2,[Team0][Player2]: удачной вам игры,0
805,не просто так в муте был,,2,[Team0][Player2]: не просто так в муте был,0
806,МИД БЛЯТЬ НИК,,2,[Team0][Player2]: МИД БЛЯТЬ НИК,0
807,АХАХАХ,,2,[Team0][Player2]: АХАХАХ,0
808,откуда видел,,4,[Team0][Player4]: откуда видел,0
809,пидарас,,4,[Team0][Player4]: пидарас,0
810,slabeishiy invoker,,9,[Team1][Player4]: slabeishiy invoker,0
811,kak i tinker,,9,[Team1][Player4]: kak i tinker,0
812,я тут в роли корма,,2,[Team0][Player2]: я тут в роли корма,0
813,gg,,4,[Team0][Player4]: gg,0
814,jaja,,4,[Team0][Player4]: jaja,70
815,lol,,4,[Team0][Player4]: lol,70
816,jaja,,4,[Team0][Player4]: jaja,70
817,jaja,,4,[Team0][Player4]: jaja,70
818,jaja,,4,[Team0][Player4]: jaja,70
819,hah,,0,[Team0][Player0]: hah,70
820,entonces asi sera,,4,[Team0][Player4]: entonces asi sera,70
821,ok ustedes se lo buscaron,,4,[Team0][Player4]: ok ustedes se lo buscaron,70
822,noobs,,4,[Team0][Player4]: noobs,70
823,haha,,0,[Team0][Player0]: haha,70
824,se creen pros jaja,,4,[Team0][Player4]: se creen pros jaja,70
825,puta como me vot¿ya  caagr de risa cuando pierdan,,4,[Team0][Player4]: puta como me vot¿ya  caagr de risa cuando pierdan,70
826,oe entrometido vulvete a meter y te hago mi perra,,4,[Team0][Player4]: oe entrometido vulvete a meter y te hago mi perra,70
827,lol,,0,[Team0][Player0]: lol,70
828,tu e burro e ?,,0,[Team0][Player0]: tu e burro e ?,70
829,report out pls,,9,[Team1][Player4]: report out pls,70
830,cara é fã,,0,[Team0][Player0]: cara é fã,70
831,como dige me voya  caagr de risa cuando gane jaja,,4,[Team0][Player4]: como dige me voya  caagr de risa cuando gane jaja,70
832,jaja,,4,[Team0][Player4]: jaja,70
833,suporteando aun antimage que ni farmear sabe jaja,,4,[Team0][Player4]: suporteando aun antimage que ni farmear sabe jaja,70
834,??,,0,[Team0][Player0]: ??,70
835,FÃ,,0,[Team0][Player0]: FÃ,70
836,DEPOIS DOU AUTOGRAFO,,0,[Team0][Player0]: DEPOIS DOU AUTOGRAFO,70
837,easy+,,4,[Team0][Player4]: easy+,70
838,oe lion sigue suporteandoa  tu anti,,4,[Team0][Player4]: oe lion sigue suporteandoa  tu anti,70
839,jaja,,4,[Team0][Player4]: jaja,70
840,HAHA,,0,[Team0][Player0]: HAHA,70
841,tu tambien fenix,,4,[Team0][Player4]: tu tambien fenix,70
842,call mr,,9,[Team1][Player4]: call mr,70
843,jaja,,4,[Team0][Player4]: jaja,70
844,si nop eres,,9,[Team1][Player4]: si nop eres,70
845,nada,,9,[Team1][Player4]: nada,70
846,tal vez la voltee jaja,,4,[Team0][Player4]: tal vez la voltee jaja,70
847,felicitemos al anticaca,,4,[Team0][Player4]: felicitemos al anticaca,70
848,mato por fin,,4,[Team0][Player4]: mato por fin,70
849,Easy,,9,[Team1][Player4]: Easy,70
850,ya perdimos gente o no,,4,[Team0][Player4]: ya perdimos gente o no,70
851,jaja,,4,[Team0][Player4]: jaja,70
852,jaja,,4,[Team0][Player4]: jaja,70
853,sigan wuardiadno tal vez ganen jaja,,4,[Team0][Player4]: sigan wuardiadno tal vez ganen jaja,70
854,a no esperen ya ahy megas,,4,[Team0][Player4]: a no esperen ya ahy megas,70
855,jaja noobs,,4,[Team0][Player4]: jaja noobs,70
856,ahora sere suport,,4,[Team0][Player4]: ahora sere suport,70
857,EDX,,2,[Team0][Player2]: EDX,70
858,REPORT OUT,,9,[Team1][Player4]: REPORT OUT,70
859,easy noobs,,4,[Team0][Player4]: easy noobs,70
860,humillados,,4,[Team0][Player4]: humillados,70
861,Иево,,2,[Team0][Player2]: Иево,3
862,пидор,x,5,[Team1][Player0]: пидор,3
863,кто бы говорил,,0,[Team0][Player0]: кто бы говорил,3
864,ща буду тебе жопу рвать,,5,[Team1][Player0]: ща буду тебе жопу рвать,3
865,ты ж понимаешь?,,5,[Team1][Player0]: ты ж понимаешь?,3
866,нахер иди,x,0,[Team0][Player0]: нахер иди,3
867,найс пуджа нафидили,,0,[Team0][Player0]: найс пуджа нафидили,3
868,все ясно крч,,0,[Team0][Player0]: все ясно крч,3
869,лооол,,5,[Team1][Player0]: лооол,3
870,причем тут пудж?,,8,[Team1][Player3]: причем тут пудж?,3
871,"ты линию проебал, не?",,5,"[Team1][Player0]: ты линию проебал, не?",3
872,если ты соснул на линии,,8,[Team1][Player3]: если ты соснул на линии,3
873,армлет на 17 минуте,,5,[Team1][Player0]: армлет на 17 минуте,3
874,лул,,5,[Team1][Player0]: лул,3
875,"пиздец,инвокер такой донный",,2,"[Team0][Player2]: пиздец,инвокер такой донный",3
876,+,,4,[Team0][Player4]: +,3
877,"гг,пуштен",,2,"[Team0][Player2]: гг,пуштен",3
878,инвок просто нафидил,,2,[Team0][Player2]: инвок просто нафидил,3
879,+,,4,[Team0][Player4]: +,3
880,вы проебали линии,,8,[Team1][Player3]: вы проебали линии,3
881,причем тут пудж и мид?,,8,[Team1][Player3]: причем тут пудж и мид?,3
882,пудж не зависит от предметов,,5,[Team1][Player0]: пудж не зависит от предметов,3
883,толку его фидить?,,5,[Team1][Player0]: толку его фидить?,3
884,"мм,а ты один на что-то способен,пангольер?",,0,"[Team0][Player0]: мм,а ты один на что-то способен,пангольер?",3
885,или за свеном прячешься?,,0,[Team0][Player0]: или за свеном прячешься?,3
886,лул,,5,[Team1][Player0]: лул,3
887,я керри что ли?,,5,[Team1][Player0]: я керри что ли?,3
888,а ты без ульты?,,8,[Team1][Player3]: а ты без ульты?,3
889,слабо?,,8,[Team1][Player3]: слабо?,3
890,10 копий блять,,8,[Team1][Player3]: 10 копий блять,3
891,"БРАТАН, У ВАС РАЗНЫЕ РОЛИ КАК БЭ))",,9,"[Team1][Player4]: БРАТАН, У ВАС РАЗНЫЕ РОЛИ КАК БЭ))",3
892,панголиер это керри?,,5,[Team1][Player0]: панголиер это керри?,3
893,ответь,,5,[Team1][Player0]: ответь,3
894,зря,,8,[Team1][Player3]: зря,3
895,+,,5,[Team1][Player0]: +,3
896,ой,,5,[Team1][Player0]: ой,3
897,хватит,,5,[Team1][Player0]: хватит,3
898,за мной гоняться,,5,[Team1][Player0]: за мной гоняться,3
899,вы уже слили,,5,[Team1][Player0]: вы уже слили,3
900,бб,,5,[Team1][Player0]: бб,3
901,браво,,5,[Team1][Player0]: браво,3
902,лол что,,5,[Team1][Player0]: лол что,3
903,how,,5,[Team1][Player0]: how,3
904,на нахуй,,0,[Team0][Player0]: на нахуй,3
905,да снеси ты уже,,0,[Team0][Player0]: да снеси ты уже,3
906,заебал,,0,[Team0][Player0]: заебал,3
907,гг,,4,[Team0][Player4]: гг,3
908,"гг вп,лайк",x,0,"[Team0][Player0]: гг вп,лайк",3
909,за что?,,5,[Team1][Player0]: за что?,3
910,лайк,,4,[Team0][Player4]: лайк,3
911,ты линию проебал,,5,[Team1][Player0]: ты линию проебал,3
912,изи,,8,[Team1][Player3]: изи,3
913,животное на свене,,5,[Team1][Player0]: животное на свене,3
914,репорт,,5,[Team1][Player0]: репорт,3
915,gj,,2,[Team0][Player2]: gj,33
916,лол,,7,[Team1][Player2]: лол,33
917,это что ?,,7,[Team1][Player2]: это что ?,33
918,ez snake faggot,x,3,[Team0][Player3]: ez snake faggot,33
919,ez ursa,,9,[Team1][Player4]: ez ursa,33
920,10 lvl snake faggot dies lol,x,3,[Team0][Player3]: 10 lvl snake faggot dies lol,33
921,no team,,9,[Team1][Player4]: no team,33
922,lol no you are RUSSIAN MOTHERFUCKER,x,3,[Team0][Player3]: lol no you are RUSSIAN MOTHERFUCKER,33
923,thats why,,3,[Team0][Player3]: thats why,33
924,clinkz report,,9,[Team1][Player4]: clinkz report,33
925,hp?,,1,[Team0][Player1]: hp?,33
926,тупой хуесос,x,6,[Team1][Player1]: тупой хуесос,33
927,first bash,,1,[Team0][Player1]: first bash,33
928,Es,,6,[Team1][Player1]: Es,33
929,везет,,6,[Team1][Player1]: везет,33
930,уебку,,6,[Team1][Player1]: уебку,33
931,тупо повезло,,6,[Team1][Player1]: тупо повезло,33
932,тупой даун,x,9,[Team1][Player4]: тупой даун,33
933,oh you russian faggot,x,3,[Team0][Player3]: oh you russian faggot,33
934,глиномес,,5,[Team1][Player0]: глиномес,33
935,ебаный,,5,[Team1][Player0]: ебаный,33
936,faster pls,,0,[Team0][Player0]: faster pls,33
937,Гей тима напала,,7,[Team1][Player2]: Гей тима напала,33
938,клинз репорт,,5,[Team1][Player0]: клинз репорт,33
939,изич,x,5,[Team1][Player0]: изич,33
940,Пзидецй,x,6,[Team1][Player1]: Пзидецй,33
941,езучий,,6,[Team1][Player1]: езучий,33
942,Хуесорс,,6,[Team1][Player1]: Хуесорс,33
943,хаха,,1,[Team0][Player1]: хаха,33
944,Наис макака слила игру,x,6,[Team1][Player1]: Наис макака слила игру,33
945,ti dumaesh mne ne pohuy?,,0,[Team0][Player0]: ti dumaesh mne ne pohuy?,33
946,вот +,,7,[Team1][Player2]: вот +,33
947,u menya sapporti farmili vsy igru,,0,[Team0][Player0]: u menya sapporti farmili vsy igru,33
948,я тож катаю так на похуй,,7,[Team1][Player2]: я тож катаю так на похуй,33
949,я тоже,,1,[Team0][Player1]: я тоже,33
950,ya ih na huy vertel,,0,[Team0][Player0]: ya ih na huy vertel,33
951,autistov,,0,[Team0][Player0]: autistov,33
952,pust;' chestno 4x4 pobezhdayt,,0,[Team0][Player0]: pust;' chestno 4x4 pobezhdayt,33
953,?,,6,[Team1][Player1]: ?,33
954,ладно паци,,1,[Team0][Player1]: ладно паци,33
955,пошутили и хватит,,1,[Team0][Player1]: пошутили и хватит,33
956,мб не будете дефать ?,,6,[Team1][Player1]: мб не будете дефать ?,33
957,типа ты тащишь,,5,[Team1][Player0]: типа ты тащишь,33
958,или ты хочешь вйграть ?,,6,[Team1][Player1]: или ты хочешь вйграть ?,33
959,или че,,5,[Team1][Player0]: или че,33
960,к чему это,,5,[Team1][Player0]: к чему это,33
961,типа играть умеешь?,,5,[Team1][Player0]: типа играть умеешь?,33
962,я думаю он сам не понял,,6,[Team1][Player1]: я думаю он сам не понял,33
963,к чему это,,6,[Team1][Player1]: к чему это,33
964,ебать,,6,[Team1][Player1]: ебать,33
965,ты жерсткий сф,,6,[Team1][Player1]: ты жерсткий сф,33
966,шутник,,5,[Team1][Player0]: шутник,33
967,че там где,,5,[Team1][Player0]: че там где,33
968,Минус 25 получаешь,,6,[Team1][Player1]: Минус 25 получаешь,33
969,может спушите?,,1,[Team0][Player1]: может спушите?,33
970,),,6,[Team1][Player1]: ),33
971,мб не будешь дефать ?,,6,[Team1][Player1]: мб не будешь дефать ?,33
972,да бля они не хотят играть,,1,[Team0][Player1]: да бля они не хотят играть,33
973,а я не дефаю,,1,[Team0][Player1]: а я не дефаю,33
974,Да,,6,[Team1][Player1]: Да,33
975,Базару 0,,6,[Team1][Player1]: Базару 0,33
976,они дауны,x,6,[Team1][Player1]: они дауны,33
977,пизда,,6,[Team1][Player1]: пизда,33
978,мк лайк,,7,[Team1][Player2]: мк лайк,33
979,ахах,,6,[Team1][Player1]: ахах,33
980,репорт клинкзу,,9,[Team1][Player4]: репорт клинкзу,33
981,в соло заруинил?,,1,[Team0][Player1]: в соло заруинил?,33
982,да выйграл нам игру,,6,[Team1][Player1]: да выйграл нам игру,33
983,РЕПОРТ ПЛИЗ,,7,[Team1][Player2]: РЕПОРТ ПЛИЗ,33
984,reprt,,2,[Team0][Player2]: reprt,33
985,=),,1,[Team0][Player1]: =),33
986,mk,,2,[Team0][Player2]: mk,33
987,МН,,7,[Team1][Player2]: МН,33
988,можете сразу ливать,,4,[Team0][Player4]: можете сразу ливать,94
989,ахахха,,4,[Team0][Player4]: ахахха,94
990,зайдет?,,5,[Team1][Player0]: зайдет?,94
991,нет,,4,[Team0][Player4]: нет,94
992,соси,,5,[Team1][Player0]: соси,94
993,тварь.,,5,[Team1][Player0]: тварь.,94
994,),,4,[Team0][Player4]: ),94
995,),,5,[Team1][Player0]: ),94
996,вам буишь,,4,[Team0][Player4]: вам буишь,94
997,сам8,,4,[Team0][Player4]: сам8,94
998,не буишь,,5,[Team1][Player0]: не буишь,94
999,буишь,,4,[Team0][Player4]: буишь,94
1000,выы буите,,4,[Team0][Player4]: выы буите,94
1001,) не буишь),,5,[Team1][Player0]: ) не буишь),94
1002,брист я твою родню раком ебал,,2,[Team0][Player2]: брист я твою родню раком ебал,94
1003,брист твоя мамка у меня под столом сосет,,2,[Team0][Player2]: брист твоя мамка у меня под столом сосет,94
1004,gg,,6,[Team1][Player1]: gg,94
1005,изи пак,,6,[Team1][Player1]: изи пак,94
1006,30 урона,,6,[Team1][Player1]: 30 урона,94
1007,шб пт,,6,[Team1][Player1]: шб пт,94
1008,),,4,[Team0][Player4]: ),94
1009,кристалис и 2 бф,,4,[Team0][Player4]: кристалис и 2 бф,94
1010,пак репорт чучело,,5,[Team1][Player0]: пак репорт чучело,94
1011,+,,7,[Team1][Player2]: +,94
1012,REPORT,,7,[Team1][Player2]: REPORT,94
1013,EI,,7,[Team1][Player2]: EI,94
1014,опа,,4,[Team0][Player4]: опа,94
1015,|D,,7,[Team1][Player2]: |D,94
1016,1 k mmr,,7,[Team1][Player2]: 1 k mmr,94
1017,chego jdat,,7,[Team1][Player2]: chego jdat,94
1018,0 wardov,,7,[Team1][Player2]: 0 wardov,94
1019,NEHYA,,7,[Team1][Player2]: NEHYA,94
1020,гг,,5,[Team1][Player0]: гг,94
1021,),,4,[Team0][Player4]: ),94
1022,12 побед подряд на леге,,4,[Team0][Player4]: 12 побед подряд на леге,94
1023,PRIKINTE,,7,[Team1][Player2]: PRIKINTE,94
1024,GYLYA,,7,[Team1][Player2]: GYLYA,94
1025,mne ultyey,,7,[Team1][Player2]: mne ultyey,94
1026,?,,0,[Team0][Player0]: ?,94
1027,),,4,[Team0][Player4]: ),94
1028,это бф небыло,,4,[Team0][Player4]: это бф небыло,94
1029,ACHE ON FIDIT ?,,7,[Team1][Player2]: ACHE ON FIDIT ?,94
1030,18 левл),,4,[Team0][Player4]: 18 левл),94
1031,XD,,4,[Team0][Player4]: XD,94
1032,чтоооо,,0,[Team0][Player0]: чтоооо,94
1033,лол,,4,[Team0][Player4]: лол,94
1034,мстя,,4,[Team0][Player4]: мстя,94
1035,wp,,6,[Team1][Player1]: wp,94
1036,мой сука саппорт,,4,[Team0][Player4]: мой сука саппорт,94
1037,господи,,5,[Team1][Player0]: господи,94
1038,киньте репорт,,5,[Team1][Player0]: киньте репорт,94
1039,плз,,5,[Team1][Player0]: плз,94
1040,всем,,5,[Team1][Player0]: всем,94
1041,AI,,7,[Team1][Player2]: AI,94
1042,пидарас,,4,[Team0][Player4]: пидарас,94
1043,RAMGA,,7,[Team1][Player2]: RAMGA,94
1044,лега,,5,[Team1][Player0]: лега,94
1045,?,,4,[Team0][Player4]: ?,94
1046,RAMPAGA,,7,[Team1][Player2]: RAMPAGA,94
1047,POCHTI,,7,[Team1][Player2]: POCHTI,94
1048,посмотри насчет моей тимы:(,,5,[Team1][Player0]: посмотри насчет моей тимы:(,94
1049,PUDG,,7,[Team1][Player2]: PUDG,94
1050,и на мой,,4,[Team0][Player4]: и на мой,94
1051,NEPIZDI,,7,[Team1][Player2]: NEPIZDI,94
1052,Y NAS NET SAORTOB,,7,[Team1][Player2]: Y NAS NET SAORTOB,94
1053,) wardov,,7,[Team1][Player2]: ) wardov,94
1054,сука,,4,[Team0][Player4]: сука,94
1055,v nachale,,7,[Team1][Player2]: v nachale,94
1056,igri,,7,[Team1][Player2]: igri,94
1057,тебя фиданули и вообще пытаются помочь,,5,[Team1][Player0]: тебя фиданули и вообще пытаются помочь,94
1058,8 min,,7,[Team1][Player2]: 8 min,94
1059,а нам нет),,5,[Team1][Player0]: а нам нет),94
1060,lotar,,7,[Team1][Player2]: lotar,94
1061,2 катку рампагу не могу сделать),,4,[Team0][Player4]: 2 катку рампагу не могу сделать),94
1062,lega,,7,[Team1][Player2]: lega,94
1063,suka,,7,[Team1][Player2]: suka,94
1064,na fidili,,7,[Team1][Player2]: na fidili,94
1065,PIZDAT,,7,[Team1][Player2]: PIZDAT,94
1066,LIKe&,,4,[Team0][Player4]: LIKe&,94
1067,?*,,4,[Team0][Player4]: ?*,94
1068,24 левл)\,,4,[Team0][Player4]: 24 левл)\,94
1069,ХУЕСОС НА ПАКЕ,,6,[Team1][Player1]: ХУЕСОС НА ПАКЕ,94
1070,ЕБЛ ОНАФИДИЛО ТЕБЯ ЛЕГА,,6,[Team1][Player1]: ЕБЛ ОНАФИДИЛО ТЕБЯ ЛЕГА,94
1071,+1 репорт паку,,5,[Team1][Player0]: +1 репорт паку,94
1072,И СТИЛИТ ВСЮ МАПУ,,6,[Team1][Player1]: И СТИЛИТ ВСЮ МАПУ,94
1073,и репорт леге,,4,[Team0][Player4]: и репорт леге,94
1074,не,,5,[Team1][Player0]: не,94
1075,25,,4,[Team0][Player4]: 25,94
1076,(,,5,[Team1][Player0]: (,94
1077,XD,,4,[Team0][Player4]: XD,94
1078,"просто стилят бомжи,которые еще и фидят",,5,"[Team1][Player0]: просто стилят бомжи,которые еще и фидят",94
1079,гспд,,5,[Team1][Player0]: гспд,94
1080,ебаные бомжи,,5,[Team1][Player0]: ебаные бомжи,94
1081,тупые,,5,[Team1][Player0]: тупые,94
1082,тинкер я иду,,2,[Team0][Player2]: тинкер я иду,94
1083,опа,,4,[Team0][Player4]: опа,94
1084,тинкер,,4,[Team0][Player4]: тинкер,94
1085,спс диз,,4,[Team0][Player4]: спс диз,94
1086,disaraptor pidaraz,,7,[Team1][Player2]: disaraptor pidaraz,94
1087,...,,4,[Team0][Player4]: ...,94
1088,iza takih ebkov kak ti v dote,,7,[Team1][Player2]: iza takih ebkov kak ti v dote,94
1089,DAHUYA,,7,[Team1][Player2]: DAHUYA,94
1090,I ONI VSE PORTYAT,,7,[Team1][Player2]: I ONI VSE PORTYAT,94
1091,хахаах,,4,[Team0][Player4]: хахаах,94
1092,сларк,,4,[Team0][Player4]: сларк,94
1093,уебать?,,4,[Team0][Player4]: уебать?,94
1094,?,,6,[Team1][Player1]: ?,94
1095,+,,6,[Team1][Player1]: +,94
1096,а хотя,,6,[Team1][Player1]: а хотя,94
1097,не,,6,[Team1][Player1]: не,94
1098,ахахх,,4,[Team0][Player4]: ахахх,94
1099,пизда,,4,[Team0][Player4]: пизда,94
1100,12 побед,,4,[Team0][Player4]: 12 побед,94
1101,21 побед,,4,[Team0][Player4]: 21 побед,94
1102,с,,4,[Team0][Player4]: с,94
1103,кек,,5,[Team1][Player0]: кек,94
1104,12*Э,,4,[Team0][Player4]: 12*Э,94
1105,серия блядь,,4,[Team0][Player4]: серия блядь,94
1106,репорт бристу все,,2,[Team0][Player2]: репорт бристу все,94
1107,JALKO,,7,[Team1][Player2]: JALKO,94
1108,TEBYA,,7,[Team1][Player2]: TEBYA,94
1109,(,,4,[Team0][Player4]: (,94
1110,кек,,5,[Team1][Player0]: кек,94
1111,как мы выйграли,,5,[Team1][Player0]: как мы выйграли,94
1112,хз,,4,[Team0][Player4]: хз,94
1113,у вас там ам сосет,,9,[Team1][Player4]: у вас там ам сосет,98
1114,а выв к нам бегаете,,9,[Team1][Player4]: а выв к нам бегаете,98
1115,gg anti mage reported,,2,[Team0][Player2]: gg anti mage reported,98
1116,30 minute battlefury,,2,[Team0][Player2]: 30 minute battlefury,98
1117,yes report am,,0,[Team0][Player0]: yes report am,98
1118,you are the worst dota player i have ever seen,,2,[Team0][Player2]: you are the worst dota player i have ever seen,98
1119,in my entire life,,2,[Team0][Player2]: in my entire life,98
1120,)),,6,[Team1][Player1]: )),98
1121,hahahaah,,2,[Team0][Player2]: hahahaah,98
1122,anti mage,,2,[Team0][Player2]: anti mage,98
1123,pudge reported,,0,[Team0][Player0]: pudge reported,98
1124,no help bottom,,0,[Team0][Player0]: no help bottom,98
1125,wp am,,4,[Team0][Player4]: wp am,98
1126,have fun in low piro am,,2,[Team0][Player2]: have fun in low piro am,98
1127,anti reported,,2,[Team0][Player2]: anti reported,98
1128,pizda,,8,[Team1][Player3]: pizda,98
1129,gg,,0,[Team0][Player0]: gg,90
1130,ебал,,0,[Team0][Player0]: ебал,90
1131,10 мп,,4,[Team0][Player4]: 10 мп,90
1132,мом не жметс,,4,[Team0][Player4]: мом не жметс,90
1133,nice,,7,[Team1][Player2]: nice,90
1134,сосать пидорги,x,1,[Team0][Player1]: сосать пидорги,90
1135,rly,,7,[Team1][Player2]: rly,90
1136,russian vata,,7,[Team1][Player2]: russian vata,90
1137,+,,0,[Team0][Player0]: +,90
1138,как бы тут все один регион)),,2,[Team0][Player2]: как бы тут все один регион)),90
1139,ахах,,1,[Team0][Player1]: ахах,90
1140,net,,7,[Team1][Player2]: net,90
1141,хохол,,4,[Team0][Player4]: хохол,90
1142,ya russki,,7,[Team1][Player2]: ya russki,90
1143,)),,2,[Team0][Player2]: )),90
1144,изи мид,,1,[Team0][Player1]: изи мид,90
1145,соски,,1,[Team0][Player1]: соски,90
1146,блять воид на миду,,7,[Team1][Player2]: блять воид на миду,90
1147,естессно изи,,7,[Team1][Player2]: естессно изи,90
1148,)),,2,[Team0][Player2]: )),90
1149,жадный,,2,[Team0][Player2]: жадный,90
1150,изи твою мать ебать,,5,[Team1][Player0]: изи твою мать ебать,90
1151,и мать войда с котлом,,5,[Team1][Player0]: и мать войда с котлом,90
1152,gulya zloy,,7,[Team1][Player2]: gulya zloy,90
1153,ego batya ebet v ochko,,7,[Team1][Player2]: ego batya ebet v ochko,90
1154,у тебя мать шлюха даун,x,5,[Team1][Player0]: у тебя мать шлюха даун,90
1155,а ты в игшрушки играешь,,5,[Team1][Player0]: а ты в игшрушки играешь,90
1156,далбаеб,x,5,[Team1][Player0]: далбаеб,90
1157,через о пишется,,7,[Team1][Player2]: через о пишется,90
1158,О будет у твоей мамаши с ее порваным очком,x,5,[Team1][Player0]: О будет у твоей мамаши с ее порваным очком,90
1159,ОСТРООО,,7,[Team1][Player2]: ОСТРООО,90
1160,Я оценил,,7,[Team1][Player2]: Я оценил,90
1161,войд хорош,,2,[Team0][Player2]: войд хорош,90
1162,спс,,7,[Team1][Player2]: спс,90
1163,войд кусок гвона,,5,[Team1][Player0]: войд кусок гвона,90
1164,_*,,7,[Team1][Player2]: _*,90
1165,даун конченый,x,5,[Team1][Player0]: даун конченый,90
1166,дратути,,7,[Team1][Player2]: дратути,90
1167,гуля у тя недоеб?),,7,[Team1][Player2]: гуля у тя недоеб?),90
1168,играй на изи,,7,[Team1][Player2]: играй на изи,90
1169,сука войд такой даун,x,5,[Team1][Player0]: сука войд такой даун,90
1170,типа гуля,,2,[Team0][Player2]: типа гуля,90
1171,киньре репорт котлу плз,,6,[Team1][Player1]: киньре репорт котлу плз,90
1172,0 5,,2,[Team0][Player2]: 0 5,90
1173,ахах,,2,[Team0][Player2]: ахах,90
1174,на войда сволил,,2,[Team0][Player2]: на войда сволил,90
1175,end,,1,[Team0][Player1]: end,47
1176,pls,,1,[Team0][Player1]: pls,47
1177,the kraken has been unleashed,,1,[Team0][Player1]: the kraken has been unleashed,47
1178,oim odne,,2,[Team0][Player2]: oim odne,47
1179,how,,2,[Team0][Player2]: how,47
1180,sunstirck,,2,[Team0][Player2]: sunstirck,47
1181,fAMIFhaSUasn,,2,[Team0][Player2]: fAMIFhaSUasn,47
1182,how,,2,[Team0][Player2]: how,47
1183,...,,5,[Team1][Player0]: ...,47
1184,en d,,2,[Team0][Player2]: en d,47
1185,the game,,2,[Team0][Player2]: the game,47
1186,oh no,,2,[Team0][Player2]: oh no,47
1187,GOOD TACTICS,,3,[Team0][Player3]: GOOD TACTICS,47
1188,WALK INSINDE CM ULT,,3,[Team0][Player3]: WALK INSINDE CM ULT,47
1189,GJ,,3,[Team0][Player3]: GJ,47
1190,та пішов ти нахуй,x,5,[Team1][Player0]: та пішов ти нахуй,47
1191,nhaiouhasjof,,2,[Team0][Player2]: nhaiouhasjof,47
1192,GG,,6,[Team1][Player1]: GG,47
1193,EZ MID OH NO,,3,[Team0][Player3]: EZ MID OH NO,47
1194,ez sk,,2,[Team0][Player2]: ez sk,47
1195,ez feed,,2,[Team0][Player2]: ez feed,47
1196,EZ,,3,[Team0][Player3]: EZ,47
1197,NECRO,,3,[Team0][Player3]: NECRO,47
1198,FAILED MID,,3,[Team0][Player3]: FAILED MID,47
1199,BYE,,3,[Team0][Player3]: BYE,47
1200,xD,,4,[Team0][Player4]: xD,47
1201,Shrine,,0,[Team0][Player0]: Shrine,47
1202,saoce,,2,[Team0][Player2]: saoce,47
1203,space,,2,[Team0][Player2]: space,47
1204,F[][F[F,,6,[Team1][Player1]: F[][F[F,47
1205,гг,,5,[Team1][Player0]: гг,47
1206,gg,,1,[Team0][Player1]: gg,47
1207,всем спс,,8,[Team1][Player3]: всем спс,47
1208,LMAO,,3,[Team0][Player3]: LMAO,47
1209,GG,,3,[Team0][Player3]: GG,47
1210,we lost,,9,[Team1][Player4]: we lost,12
1211,end mid,,9,[Team1][Player4]: end mid,12
1212,we have no carry,,9,[Team1][Player4]: we have no carry,12
1213,u won,,9,[Team1][Player4]: u won,12
1214,LV 15 HARD CARRY,,9,[Team1][Player4]: LV 15 HARD CARRY,12
1215,SO HARD TO BE HERE,,9,[Team1][Player4]: SO HARD TO BE HERE,12
1216,CAN U HELP REPORT LUNA PLS?,,9,[Team1][Player4]: CAN U HELP REPORT LUNA PLS?,12
1217,disgusting n no skill,,9,[Team1][Player4]: disgusting n no skill,12
1218,pls,,9,[Team1][Player4]: pls,12
1219,1 commend,,9,[Team1][Player4]: 1 commend,12
1220,gg,,6,[Team1][Player1]: gg,12
1221,ano,,9,[Team1][Player4]: ano,12
1222,i need your comment,,9,[Team1][Player4]: i need your comment,12
1223,GG,,0,[Team0][Player0]: GG,12
1224,ez,,2,[Team0][Player2]: ez,12
1225,ya,,9,[Team1][Player4]: ya,12
1226,i know,,9,[Team1][Player4]: i know,12
1227,Эй жорики бырей,,9,[Team1][Player4]: Эй жорики бырей,73
1228,gg,,4,[Team0][Player4]: gg,73
1229,lets end this,,4,[Team0][Player4]: lets end this,73
1230,shit,,4,[Team0][Player4]: shit,73
1231,report jug,,4,[Team0][Player4]: report jug,73
1232,he drops and denay items,,4,[Team0][Player4]: he drops and denay items,73
1233,ty carry,,4,[Team0][Player4]: ty carry,73
1234,ff please,,4,[Team0][Player4]: ff please,73
1235,stay afk,,6,[Team1][Player1]: stay afk,73
1236,report,,4,[Team0][Player4]: report,73
1237,take throne ty,,4,[Team0][Player4]: take throne ty,73
1238,if u finish till 7 min,,4,[Team0][Player4]: if u finish till 7 min,73
1239,i comend u,,4,[Team0][Player4]: i comend u,73
1240,jug bought an acc,,4,[Team0][Player4]: jug bought an acc,73
1241,thorone,,4,[Team0][Player4]: thorone,73
1242,pls,,4,[Team0][Player4]: pls,73
1243,fuck u treant,x,4,[Team0][Player4]: fuck u treant,73
1244,throne,,4,[Team0][Player4]: throne,73
1245,report jug ty,,4,[Team0][Player4]: report jug ty,73
1246,far,,9,[Team1][Player4]: far,73
1247,farm,,9,[Team1][Player4]: farm,73
1248,че как оно?,,2,[Team0][Player2]: че как оно?,69
1249,даунов команда,x,6,[Team1][Player1]: даунов команда,69
1250,прилетел?,,2,[Team0][Player2]: прилетел?,69
1251,ех блять глупый школьник(((,x,7,[Team1][Player2]: ех блять глупый школьник(((,69
1252,?,,2,[Team0][Player2]: ?,69
1253,убил?,,2,[Team0][Player2]: убил?,69
1254,блять ты еще глупее чем я думал),x,7,[Team1][Player2]: блять ты еще глупее чем я думал),69
1255,?,,2,[Team0][Player2]: ?,69
1256,ggw wp,,9,[Team1][Player4]: ggw wp,69
1257,че там рубен?),,7,[Team1][Player2]: че там рубен?),69
1258,:D,,9,[Team1][Player4]: :D,69
1259,иди книдки собирай на завтра),,7,[Team1][Player2]: иди книдки собирай на завтра),69
1260,найс руна,,4,[Team0][Player4]: найс руна,40
1261,куда жирный пропал?,,6,[Team1][Player1]: куда жирный пропал?,40
1262,Две минуты и вернётся,,0,[Team0][Player0]: Две минуты и вернётся,40
1263,+,,4,[Team0][Player4]: +,40
1264,пати?,,6,[Team1][Player1]: пати?,40
1265,),,4,[Team0][Player4]: ),40
1266,+\,,0,[Team0][Player0]: +\,40
1267,+,,2,[Team0][Player2]: +,40
1268,+,,4,[Team0][Player4]: +,40
1269,Стримим,,0,[Team0][Player0]: Стримим,40
1270,скажи тому дрочуну что потом кончит,,7,[Team1][Player2]: скажи тому дрочуну что потом кончит,40
1271,Гов,,7,[Team1][Player2]: Гов,40
1272,канал кинь ,,5,[Team1][Player0]: канал кинь ,40
1273,сириусли?,,9,[Team1][Player4]: сириусли?,40
1274,или на твиче?,,5,[Team1][Player0]: или на твиче?,40
1275,Сука на твиче задержк,,6,[Team1][Player1]: Сука на твиче задержк,40
1276,Твич,,0,[Team0][Player0]: Твич,40
1277,в майне,,4,[Team0][Player4]: в майне,40
1278,эээ сларка ждали,,2,[Team0][Player2]: эээ сларка ждали,40
1279,хуйня,,6,[Team1][Player1]: хуйня,40
1280,??,,4,[Team0][Player4]: ??,40
1281,нет не ждём,,2,[Team0][Player2]: нет не ждём,40
1282,по очереди,,9,[Team1][Player4]: по очереди,40
1283,выодим,,9,[Team1][Player4]: выодим,40
1284,не ждём,,2,[Team0][Player2]: не ждём,40
1285,вы не ждали иди нахуй,,2,[Team0][Player2]: вы не ждали иди нахуй,40
1286,я хз не в тиме,,9,[Team1][Player4]: я хз не в тиме,40
1287,закройте ебало еп,x,5,[Team1][Player0]: закройте ебало еп,40
1288,Норм,,0,[Team0][Player0]: Норм,40
1289,Ждём,,0,[Team0][Player0]: Ждём,40
1290,Сукааа,,4,[Team0][Player4]: Сукааа,40
1291,изи сука,,4,[Team0][Player4]: изи сука,40
1292,тебе пизда в лейте даун),,5,[Team1][Player0]: тебе пизда в лейте даун),40
1293,посмотрим шмара,x,4,[Team0][Player4]: посмотрим шмара,40
1294,глиномес ебанный,,5,[Team1][Player0]: глиномес ебанный,40
1295,мои спецназовцы найдут тебя)),,9,[Team1][Player4]: мои спецназовцы найдут тебя)),40
1296,),,2,[Team0][Player2]: ),40
1297,хазза,,4,[Team0][Player4]: хазза,40
1298,маны не хватило сларка убить :с,,2,[Team0][Player2]: маны не хватило сларка убить :с,40
1299,блять,,2,[Team0][Player2]: блять,40
1300,да похуй один хуй гг,,2,[Team0][Player2]: да похуй один хуй гг,40
1301,сука команда саппортов,,2,[Team0][Player2]: сука команда саппортов,40
1302,блять,,2,[Team0][Player2]: блять,40
1303,сасалити,,4,[Team0][Player4]: сасалити,40
1304,СУка ядаун,,4,[Team0][Player4]: СУка ядаун,40
1305,найс енафидили,,9,[Team1][Player4]: найс енафидили,40
1306,паджика,,9,[Team1][Player4]: паджика,40
1307,топ свен,,9,[Team1][Player4]: топ свен,40
1308,в конце репорт челик думал зарешает,,9,[Team1][Player4]: в конце репорт челик думал зарешает,40
1309,я даже свена в соло убил :з,,2,[Team0][Player2]: я даже свена в соло убил :з,40
1310,СУкааааа,,4,[Team0][Player4]: СУкааааа,40
1311,кек),,9,[Team1][Player4]: кек),40
1312,саппорт блять,,2,[Team0][Player2]: саппорт блять,40
1313,Жри говно хуила,x,6,[Team1][Player1]: Жри говно хуила,40
1314,у меня пинг был,,6,[Team1][Player1]: у меня пинг был,40
1315,700,,6,[Team1][Player1]: 700,40
1316,омник еще с радиком мм,,2,[Team0][Player2]: омник еще с радиком мм,40
1317,ебать еще и вварды покупаю,,9,[Team1][Player4]: ебать еще и вварды покупаю,40
1318,прост омусорка тут,,9,[Team1][Player4]: прост омусорка тут,40
1319,срарк вродь норм,,9,[Team1][Player4]: срарк вродь норм,40
1320,гг свену и цм по репорту,,9,[Team1][Player4]: гг свену и цм по репорту,40
1321,да в трон ту тпиздец просто,,9,[Team1][Player4]: да в трон ту тпиздец просто,40
1322,Чёта изи,,4,[Team0][Player4]: Чёта изи,40
1323,Ez,,0,[Team0][Player0]: Ez,40
1324,https://www.twitch.tv/grafdekent,,0,[Team0][Player0]: https://www.twitch.tv/grafdekent,40
1325,с такими тиммейтами,,9,[Team1][Player4]: с такими тиммейтами,40
1326,wait a sec please,,8,[Team1][Player3]: wait a sec please,20
1327,What are you doing in my smoke,,4,[Team0][Player4]: What are you doing in my smoke,20
1328,what are you doing in my smoke,,4,[Team0][Player4]: what are you doing in my smoke,20
1329,GG,,4,[Team0][Player4]: GG,20
1330,well done,,5,[Team1][Player0]: well done,20
1331,ggwp,,8,[Team1][Player3]: ggwp,20
1332,GG,,0,[Team0][Player0]: GG,20
1333,t,,8,[Team1][Player3]: t,20
1334,gg,,6,[Team1][Player1]: gg,20
1335,that rioki pick,,8,[Team1][Player3]: that rioki pick,20
1336,gg,,2,[Team0][Player2]: gg,88
1337,sana,,3,[Team0][Player3]: sana,88
1338,GG,,4,[Team0][Player4]: GG,88
1339,nooooo,,8,[Team1][Player3]: nooooo,88
1340,GG,,0,[Team0][Player0]: GG,88
1341,END FAST,,4,[Team0][Player4]: END FAST,88
1342,GG,,0,[Team0][Player0]: GG,88
1343,Almost,,8,[Team1][Player3]: Almost,88
1344,PRO TEAM,,4,[Team0][Player4]: PRO TEAM,88
1345,i pro,,8,[Team1][Player3]: i pro,88
1346,SAD,,0,[Team0][Player0]: SAD,88
1347,GG,,0,[Team0][Player0]: GG,88
1348,EZ,,0,[Team0][Player0]: EZ,88
1349,ez,,2,[Team0][Player2]: ez,88
1350,EZ,,0,[Team0][Player0]: EZ,88
1351,ez,,2,[Team0][Player2]: ez,88
1352,EZ,,0,[Team0][Player0]: EZ,88
1353,ez,,2,[Team0][Player2]: ez,88
1354,ez,,2,[Team0][Player2]: ez,88
1355,ez,,2,[Team0][Player2]: ez,88
1356,ez,,2,[Team0][Player2]: ez,88
1357,|USELEES,,4,[Team0][Player4]: |USELEES,88
1358,HAHA,,0,[Team0][Player0]: HAHA,88
1359,emd,,2,[Team0][Player2]: emd,88
1360,GG,,4,[Team0][Player4]: GG,88
1361,end,,2,[Team0][Player2]: end,88
1362,wag,,2,[Team0][Player2]: wag,88
1363,GG,,4,[Team0][Player4]: GG,88
1364,wawg,,2,[Team0][Player2]: wawg,88
1365,gg commend,,8,[Team1][Player3]: gg commend,88
1366,лол,,0,[Team0][Player0]: лол,37
1367,д не нажалась,,0,[Team0][Player0]: д не нажалась,37
1368,не покупайте батарейки дюрасел,,0,[Team0][Player0]: не покупайте батарейки дюрасел,37
1369,ебанная хуита,,0,[Team0][Player0]: ебанная хуита,37
1370,2 недели и мышка уже тупит,,0,[Team0][Player0]: 2 недели и мышка уже тупит,37
1371,ggg,,9,[Team1][Player4]: ggg,37
1372,спс,,0,[Team0][Player0]: спс,37
1373,can u all,,9,[Team1][Player4]: can u all,37
1374,Report jugger,,9,[Team1][Player4]: Report jugger,37
1375,pls,,9,[Team1][Player4]: pls,37
1376,we was roshin,,9,[Team1][Player4]: we was roshin,37
1377,he farm your camps,,9,[Team1][Player4]: he farm your camps,37
1378,throne,,7,[Team1][Player2]: throne,37
1379,АЗАХАХАА,,4,[Team0][Player4]: АЗАХАХАА,37
1380,АХАХХААХА,,4,[Team0][Player4]: АХАХХААХА,37
1381,хахахах,,0,[Team0][Player0]: хахахах,37
1382,ХАХАХААХ,,4,[Team0][Player4]: ХАХАХААХ,37
1383,jugger,,9,[Team1][Player4]: jugger,37
1384,has the 20 minutes items,,9,[Team1][Player4]: has the 20 minutes items,37
1385,ok end mid,,5,[Team1][Player0]: ok end mid,37
1386,he broke items,,5,[Team1][Player0]: he broke items,37
1387,ryl?,,0,[Team0][Player0]: ryl?,37
1388,who,,3,[Team0][Player3]: who,37
1389,y,,5,[Team1][Player0]: y,37
1390,You think you can win?),,0,[Team0][Player0]: You think you can win?),37
1391,sd?,,3,[Team0][Player3]: sd?,37
1392,its worth x9 reports jugger,,5,[Team1][Player0]: its worth x9 reports jugger,37
1393,he didnt want to win,,5,[Team1][Player0]: he didnt want to win,37
1394,if u have a brain u report jugger,,9,[Team1][Player4]: if u have a brain u report jugger,37
1395,ye jugger farm so slowly,,0,[Team0][Player0]: ye jugger farm so slowly,37
1396,travel,,9,[Team1][Player4]: travel,37
1397,jugger,,9,[Team1][Player4]: jugger,37
1398,that puck,,3,[Team0][Player3]: that puck,37
1399,even tilt me,,3,[Team0][Player3]: even tilt me,37
1400,how u can see this,,3,[Team0][Player3]: how u can see this,37
1401,bitch,,0,[Team0][Player0]: bitch,37
1402,lost all skils,,0,[Team0][Player0]: lost all skils,37
1403,to kill puck,,0,[Team0][Player0]: to kill puck,37
1404,9 report,,9,[Team1][Player4]: 9 report,37
1405,to jugge,,9,[Team1][Player4]: to jugge,37
1406,pls,,9,[Team1][Player4]: pls,37
1407,he let u win this game,,9,[Team1][Player4]: he let u win this game,37
1408,gege,,7,[Team1][Player2]: gege,37
1409,useless bh lost gme,,0,[Team0][Player0]: useless bh lost gme,37
1410,intentionally,,9,[Team1][Player4]: intentionally,37
1411,doesnt?,,0,[Team0][Player0]: doesnt?,37
1412,hello,,9,[Team1][Player4]: hello,37
1413,u saw,,9,[Team1][Player4]: u saw,37
1414,rosh gp,,9,[Team1][Player4]: rosh gp,37
1415,hp,,9,[Team1][Player4]: hp,37
1416,Gg jugger,,5,[Team1][Player0]: Gg jugger,37
1417,X9,,5,[Team1][Player0]: X9,37
1418,when u got it,,9,[Team1][Player4]: when u got it,37
1419,ty,,5,[Team1][Player0]: ty,37
1420,gg jugger,,6,[Team1][Player1]: gg jugger,37
1421,END,,5,[Team1][Player0]: END,43
1422,IM DONE,,5,[Team1][Player0]: IM DONE,43
1423,GGWP,,5,[Team1][Player0]: GGWP,43
1424,End again?,,4,[Team0][Player4]: End again?,43
1425,go end,,0,[Team0][Player0]: go end,43
1426,straight,,5,[Team1][Player0]: straight,43
1427,NOOB,,5,[Team1][Player0]: NOOB,43
1428,?,,4,[Team0][Player4]: ?,43
1429,NOOB,,5,[Team1][Player0]: NOOB,43
1430,HAHAHA,,5,[Team1][Player0]: HAHAHA,43
1431,lol,,4,[Team0][Player4]: lol,43
1432,just spp,,4,[Team0][Player4]: just spp,43
1433,i care?,,4,[Team0][Player4]: i care?,43
1434,idiot,,4,[Team0][Player4]: idiot,43
1435,nice fed,,5,[Team1][Player0]: nice fed,43
1436,u talk about urself?,,4,[Team0][Player4]: u talk about urself?,43
1437,HEY,,5,[Team1][Player0]: HEY,43
1438,HEY,,5,[Team1][Player0]: HEY,43
1439,i just solo killed your carry,,5,[Team1][Player0]: i just solo killed your carry,43
1440,this game is over,,5,[Team1][Player0]: this game is over,43
1441,?,,4,[Team0][Player4]: ?,43
1442,i also kill,,1,[Team0][Player1]: i also kill,43
1443,u mean ur mun over?,,4,[Team0][Player4]: u mean ur mun over?,43
1444,hhaha,,4,[Team0][Player4]: hhaha,43
1445,ez to kill,,1,[Team0][Player1]: ez to kill,43
1446,eat that,,5,[Team1][Player0]: eat that,43
1447,eat that arrow biatch,x,5,[Team1][Player0]: eat that arrow biatch,43
1448,see?,,1,[Team0][Player1]: see?,43
1449,ur carry?,,2,[Team0][Player2]: ur carry?,43
1450,haha,,4,[Team0][Player4]: haha,43
1451,who cares,,5,[Team1][Player0]: who cares,43
1452,ur carry,,4,[Team0][Player4]: ur carry,43
1453,im solo player,,5,[Team1][Player0]: im solo player,43
1454,lol,,6,[Team1][Player1]: lol,43
1455,fucking idiot,x,4,[Team0][Player4]: fucking idiot,43
1456,wow doom,,9,[Team1][Player4]: wow doom,43
1457,im not usually rely on my carry,,5,[Team1][Player0]: im not usually rely on my carry,43
1458,like u,,4,[Team0][Player4]: like u,43
1459,i dont usually,,5,[Team1][Player0]: i dont usually,43
1460,rely,,5,[Team1][Player0]: rely,43
1461,haha,,9,[Team1][Player4]: haha,43
1462,?,,6,[Team1][Player1]: ?,43
1463,?,,6,[Team1][Player1]: ?,43
1464,HAHAHAHA,,5,[Team1][Player0]: HAHAHAHA,43
1465,?,,6,[Team1][Player1]: ?,43
1466,?,,9,[Team1][Player4]: ?,43
1467,haha,,1,[Team0][Player1]: haha,43
1468,?,,9,[Team1][Player4]: ?,43
1469,rofl,,2,[Team0][Player2]: rofl,43
1470,?,,6,[Team1][Player1]: ?,43
1471,?,,9,[Team1][Player4]: ?,43
1472,?,,6,[Team1][Player1]: ?,43
1473,hahahaha,,5,[Team1][Player0]: hahahaha,43
1474,?,,9,[Team1][Player4]: ?,43
1475,?,,6,[Team1][Player1]: ?,43
1476,?,,9,[Team1][Player4]: ?,43
1477,retarded sea asia,x,0,[Team0][Player0]: retarded sea asia,43
1478,?,,6,[Team1][Player1]: ?,43
1479,noob doom,,5,[Team1][Player0]: noob doom,43
1480,?,,9,[Team1][Player4]: ?,43
1481,?,,6,[Team1][Player1]: ?,43
1482,?,,9,[Team1][Player4]: ?,43
1483,?,,6,[Team1][Player1]: ?,43
1484,WAHAHAHAHA,,5,[Team1][Player0]: WAHAHAHAHA,43
1485,?,,9,[Team1][Player4]: ?,43
1486,?,,6,[Team1][Player1]: ?,43
1487,?,,9,[Team1][Player4]: ?,43
1488,?,,9,[Team1][Player4]: ?,43
1489,?,,6,[Team1][Player1]: ?,43
1490,hahaha,,1,[Team0][Player1]: hahaha,43
1491,?,,6,[Team1][Player1]: ?,43
1492,NOOB DOOM OMG,,5,[Team1][Player0]: NOOB DOOM OMG,43
1493,haha,,4,[Team0][Player4]: haha,43
1494,sea,,4,[Team0][Player4]: sea,43
1495,trash,,4,[Team0][Player4]: trash,43
1496,its okay,,1,[Team0][Player1]: its okay,43
1497,ITS NOT,,5,[Team1][Player0]: ITS NOT,43
1498,DONT LIE,,5,[Team1][Player0]: DONT LIE,43
1499,bro,,5,[Team1][Player0]: bro,43
1500,IM SO GOOD,,5,[Team1][Player0]: IM SO GOOD,43
1501,im done,,5,[Team1][Player0]: im done,43
1502,so good,,4,[Team0][Player4]: so good,43
1503,let them endf,,5,[Team1][Player0]: let them endf,43
1504,Ahhaahahhaahaha,,0,[Team0][Player0]: Ahhaahahhaahaha,43
1505,lels,,1,[Team0][Player1]: lels,43
1506,im so done,,5,[Team1][Player0]: im so done,43
1507,ahahahahahahahahah,,0,[Team0][Player0]: ahahahahahahahahah,43
1508,mirana so good,,4,[Team0][Player4]: mirana so good,43
1509,let the world end now,,5,[Team1][Player0]: let the world end now,43
1510,IT MATTERS NOT TO ME,,5,[Team1][Player0]: IT MATTERS NOT TO ME,43
1511,hehe,,2,[Team0][Player2]: hehe,43
1512,arrow lord,,5,[Team1][Player0]: arrow lord,43
1513,gg,,5,[Team1][Player0]: gg,43
1514,SO GOOD,,5,[Team1][Player0]: SO GOOD,43
1515,OFFLANE GOD,,5,[Team1][Player0]: OFFLANE GOD,43
1516,tiny mid,,1,[Team0][Player1]: tiny mid,43
1517,0-2 max 3rd,,1,[Team0][Player1]: 0-2 max 3rd,43
1518,his mid but max his 3rd,,1,[Team0][Player1]: his mid but max his 3rd,43
1519,I REKT YOUR CARRY 2V1,,5,[Team1][Player0]: I REKT YOUR CARRY 2V1,43
1520,HOW BOUT THAT,,5,[Team1][Player0]: HOW BOUT THAT,43
1521,i rekt you,,1,[Team0][Player1]: i rekt you,43
1522,solo kill,,1,[Team0][Player1]: solo kill,43
1523,BASIC HERO PICKER,,5,[Team1][Player0]: BASIC HERO PICKER,43
1524,SHAME ON YOU,,5,[Team1][Player0]: SHAME ON YOU,43
1525,lels,,1,[Team0][Player1]: lels,43
1526,TAHTS IT,,5,[Team1][Player0]: TAHTS IT,43
1527,gg,,5,[Team1][Player0]: gg,43
1528,hah,,5,[Team1][Player0]: hah,43
1529,hahahaha,,5,[Team1][Player0]: hahahaha,43
1530,haha,,9,[Team1][Player4]: haha,43
1531,HAHAH,,6,[Team1][Player1]: HAHAH,43
1532,hahahahahahahaha,,5,[Team1][Player0]: hahahahahahahaha,43
1533,HAHAHA,,6,[Team1][Player1]: HAHAHA,43
1534,iyak,,6,[Team1][Player1]: iyak,43
1535,HAHAHA,,5,[Team1][Player0]: HAHAHA,43
1536,nice assist,,5,[Team1][Player0]: nice assist,43
1537,hahaha,,5,[Team1][Player0]: hahaha,43
1538,katis,,9,[Team1][Player4]: katis,43
1539,dis game so fucking hard,,0,[Team0][Player0]: dis game so fucking hard,43
1540,for me,,0,[Team0][Player0]: for me,43
1541,GG,,5,[Team1][Player0]: GG,43
1542,ez kill,,1,[Team0][Player1]: ez kill,43
1543,rofl,,2,[Team0][Player2]: rofl,43
1544,rofl,,2,[Team0][Player2]: rofl,43
1545,juke,,2,[Team0][Player2]: juke,43
1546,e ano ngayon?,,1,[Team0][Player1]: e ano ngayon?,43
1547,wal wal ka pala eh,,1,[Team0][Player1]: wal wal ka pala eh,43
1548,GGWP,,5,[Team1][Player0]: GGWP,43
1549,ano?,,1,[Team0][Player1]: ano?,43
1550,lol,,4,[Team0][Player4]: lol,43
1551,mirana,,4,[Team0][Player4]: mirana,43
1552,u so good,,4,[Team0][Player4]: u so good,43
1553,at trash,,4,[Team0][Player4]: at trash,43
1554,Aahahahahahahahhaa,,0,[Team0][Player0]: Aahahahahahahahhaa,43
1555,hehe,,2,[Team0][Player2]: hehe,43
1556,mirana,,2,[Team0][Player2]: mirana,43
1557,mirana wants,,0,[Team0][Player0]: mirana wants,43
1558,ur carry solo killl,,2,[Team0][Player2]: ur carry solo killl,43
1559,stop talking,,5,[Team1][Player0]: stop talking,43
1560,?,,2,[Team0][Player2]: ?,43
1561,carry,,0,[Team0][Player0]: carry,43
1562,tell me?,,2,[Team0][Player2]: tell me?,43
1563,lel jug,,1,[Team0][Player1]: lel jug,43
1564,haha,,4,[Team0][Player4]: haha,43
1565,tell me?,,2,[Team0][Player2]: tell me?,43
1566,im done talking,,5,[Team1][Player0]: im done talking,43
1567,why stop,,4,[Team0][Player4]: why stop,43
1568,talk abit,,4,[Team0][Player4]: talk abit,43
1569,you can end it now,,5,[Team1][Player0]: you can end it now,43
1570,why end,,4,[Team0][Player4]: why end,43
1571,salita pa,,1,[Team0][Player1]: salita pa,43
1572,rofl,,2,[Team0][Player2]: rofl,43
1573,ulol,,1,[Team0][Player1]: ulol,43
1574,u offlane god,,4,[Team0][Player4]: u offlane god,43
1575,end it now?,,2,[Team0][Player2]: end it now?,43
1576,rofl,,2,[Team0][Player2]: rofl,43
1577,bolok mo naman pala eh,,1,[Team0][Player1]: bolok mo naman pala eh,43
1578,hi offlane god,,4,[Team0][Player4]: hi offlane god,43
1579,rofl,,2,[Team0][Player2]: rofl,43
1580,OMG,,5,[Team1][Player0]: OMG,43
1581,takbo,,1,[Team0][Player1]: takbo,43
1582,IM DONE,,5,[Team1][Player0]: IM DONE,43
1583,rofl,,2,[Team0][Player2]: rofl,43
1584,bat tatakbo pa?,,1,[Team0][Player1]: bat tatakbo pa?,43
1585,rofl,,2,[Team0][Player2]: rofl,43
1586,rofl,,2,[Team0][Player2]: rofl,43
1587,rofl,,2,[Team0][Player2]: rofl,43
1588,OFFLANE GOD <3,,4,[Team0][Player4]: OFFLANE GOD <3,43
1589,BAT KAPA BA TATAKBO?,,1,[Team0][Player1]: BAT KAPA BA TATAKBO?,43
1590,hee?,,2,[Team0][Player2]: hee?,43
1591,hehe?,,2,[Team0][Player2]: hehe?,43
1592,can talk now?,,2,[Team0][Player2]: can talk now?,43
1593,hehe?,,2,[Team0][Player2]: hehe?,43
1594,WAW,,1,[Team0][Player1]: WAW,43
1595,wow,,2,[Team0][Player2]: wow,43
1596,comeback,,2,[Team0][Player2]: comeback,43
1597,end na,,1,[Team0][Player1]: end na,43
1598,mirana,,4,[Team0][Player4]: mirana,43
1599,talo na kami,,1,[Team0][Player1]: talo na kami,43
1600,u done?,,4,[Team0][Player4]: u done?,43
1601,hahaha,,4,[Team0][Player4]: hahaha,43
1602,yeah im done,,1,[Team0][Player1]: yeah im done,43
1603,wow arrow god,,4,[Team0][Player4]: wow arrow god,43
1604,hehe,,2,[Team0][Player2]: hehe,43
1605,hopeless Opus doto bestt arrow doto,,4,[Team0][Player4]: hopeless Opus doto bestt arrow doto,43
1606,rofl,,2,[Team0][Player2]: rofl,43
1607,hahaha,,2,[Team0][Player2]: hahaha,43
1608,ez,,2,[Team0][Player2]: ez,43
1609,nobos,,2,[Team0][Player2]: nobos,43
1610,offlane god,,4,[Team0][Player4]: offlane god,43
1611,noob team,,5,[Team1][Player0]: noob team,43
1612,GG,,5,[Team1][Player0]: GG,43
1613,<3,,4,[Team0][Player4]: <3,43
1614,bad idea,,8,[Team1][Player3]: bad idea,86
1615,lol,,8,[Team1][Player3]: lol,86
1616,report tinker,,3,[Team0][Player3]: report tinker,86
1617,pls,,3,[Team0][Player3]: pls,86
1618,nppb,,1,[Team0][Player1]: nppb,86
1619,noob,,1,[Team0][Player1]: noob,86
1620,epic brazil,,1,[Team0][Player1]: epic brazil,86
1621,lol,,8,[Team1][Player3]: lol,86
1622,lol,,1,[Team0][Player1]: lol,86
1623,gg invoker,,8,[Team1][Player3]: gg invoker,86
1624,xd,,8,[Team1][Player3]: xd,86
1625,epic necro 2k,,1,[Team0][Player1]: epic necro 2k,86
1626,brazil detecte,,1,[Team0][Player1]: brazil detecte,86
1627,gg comend,,1,[Team0][Player1]: gg comend,86
1628,gg peruanos,,2,[Team0][Player2]: gg peruanos,86
1629,xd,,8,[Team1][Player3]: xd,86
1630,viva la peru :3,,1,[Team0][Player1]: viva la peru :3,86
1631,el camote es riko,,1,[Team0][Player1]: el camote es riko,86
1632,basura de mierda,x,1,[Team0][Player1]: basura de mierda,86
1633,D,,1,[Team0][Player1]: D,86
1634,GG :V,,1,[Team0][Player1]: GG :V,86
1635,ez top manitos,,0,[Team0][Player0]: ez top manitos,86
1636,eZ MID,,1,[Team0][Player1]: eZ MID,86
1637,gg xd,,8,[Team1][Player3]: gg xd,86
1638,ez invoker,,8,[Team1][Player3]: ez invoker,86
1639,gg sniper,,7,[Team1][Player2]: gg sniper,86
1640,GG,,6,[Team1][Player1]: GG,84
1641,A  FEDEAR AJAJA,,1,[Team0][Player1]: A  FEDEAR AJAJA,84
1642,PORQUE SON TAN RATAS,,6,[Team1][Player1]: PORQUE SON TAN RATAS,84
1643,xq fedeas,,5,[Team1][Player0]: xq fedeas,84
1644,juega mrd,,5,[Team1][Player0]: juega mrd,84
1645,alche marica,,5,[Team1][Player0]: alche marica,84
1646,GG EZ GAME,,6,[Team1][Player1]: GG EZ GAME,84
1647,porfa reproten ese kunka  porfa,,1,[Team0][Player1]: porfa reproten ese kunka  porfa,84
1648,gg,,1,[Team0][Player1]: gg,84
1649,porfa reproten ee kunka porfa,,1,[Team0][Player1]: porfa reproten ee kunka porfa,84
1650,porfa reproten ese kunka,,1,[Team0][Player1]: porfa reproten ese kunka,84
1651,report blood,,3,[Team0][Player3]: report blood,84
1652,gg,,3,[Team0][Player3]: gg,84
1653,gg,,1,[Team0][Player1]: gg,84
1654,ajajaj xd,,5,[Team1][Player0]: ajajaj xd,84
1655,report alch,,3,[Team0][Player3]: report alch,84
1656,gg,,1,[Team0][Player1]: gg,84
1657,dinied,,5,[Team1][Player0]: dinied,84
1658,gg,,1,[Team0][Player1]: gg,84
1659,mrd,,5,[Team1][Player0]: mrd,84
1660,terminen  porfa,,1,[Team0][Player1]: terminen  porfa,84
1661,X2,,4,[Team0][Player4]: X2,84
1662,mi pa se saco divine,,5,[Team1][Player0]: mi pa se saco divine,84
1663,akjaja,,1,[Team0][Player1]: akjaja,84
1664,lol,,3,[Team0][Player3]: lol,84
1665,terminen  porfa reproten ese    kunka esa mr dde  blood,,1,[Team0][Player1]: terminen  porfa reproten ese    kunka esa mr dde  blood,84
1666,ewe,,9,[Team1][Player4]: ewe,84
1667,ejeje,,5,[Team1][Player0]: ejeje,84
1668,JUEGO ?,,6,[Team1][Player1]: JUEGO ?,84
1669,ve a que te saquen la shit en mid,,9,[Team1][Player4]: ve a que te saquen la shit en mid,84
1670,ajajaa,,5,[Team1][Player0]: ajajaa,84
1671,tanto para un suporrt,,5,[Team1][Player0]: tanto para un suporrt,84
1672,VOY,,6,[Team1][Player1]: VOY,84
1673,altoke terminen   porfa,,1,[Team0][Player1]: altoke terminen   porfa,84
1674,end ast plis,,4,[Team0][Player4]: end ast plis,84
1675,ya fue ni cagando se vajan a mi pa,,5,[Team1][Player0]: ya fue ni cagando se vajan a mi pa,84
1676,PORQUE ME TOCARA GENTE ASI POR DIOS,,4,[Team0][Player4]: PORQUE ME TOCARA GENTE ASI POR DIOS,84
1677,ajjaa,,5,[Team1][Player0]: ajjaa,84
1678,TENGO ORO ´PARA MAS,,6,[Team1][Player1]: TENGO ORO ´PARA MAS,84
1679,HAY MAS ORO,,6,[Team1][Player1]: HAY MAS ORO,84
1680,gg,,5,[Team1][Player0]: gg,84
1681,ganen,,5,[Team1][Player0]: ganen,84
1682,POR NAVIDAD LES DEJO ESE,,6,[Team1][Player1]: POR NAVIDAD LES DEJO ESE,84
1683,y perdio el divine ese idiota,,5,[Team1][Player0]: y perdio el divine ese idiota,84
1684,kkkkkkkkkkkk,,3,[Team0][Player3]: kkkkkkkkkkkk,84
1685,report blod xfvr,,5,[Team1][Player0]: report blod xfvr,84
1686,report blood,,3,[Team0][Player3]: report blood,84
1687,PORFA REPROTEN ESE KUNKA  PORFA,,1,[Team0][Player1]: PORFA REPROTEN ESE KUNKA  PORFA,84
1688,NO MERECES JUGAR DOTA BASURA D MRD,x,4,[Team0][Player4]: NO MERECES JUGAR DOTA BASURA D MRD,84
1689,ABURRIDO NI EL DIVINE DIO DIVERSION,,6,[Team1][Player1]: ABURRIDO NI EL DIVINE DIO DIVERSION,84
1690,gg,,5,[Team1][Player0]: gg,84
1691,пд,,7,[Team1][Player2]: пд,58
1692,gl,,7,[Team1][Player2]: gl,58
1693,ty,,1,[Team0][Player1]: ty,58
1694,ne,,7,[Team1][Player2]: ne,58
1695,its like 4% to get two bashes in a row,,9,[Team1][Player4]: its like 4% to get two bashes in a row,58
1696,and you've done it like 10 times this game,,9,[Team1][Player4]: and you've done it like 10 times this game,58
1697,fuck your luck,,9,[Team1][Player4]: fuck your luck,58
1698,and u are alive!,,2,[Team0][Player2]: and u are alive!,58
1699,so,,2,[Team0][Player2]: so,58
1700,see?,,2,[Team0][Player2]: see?,58
1701,10times,,2,[Team0][Player2]: 10times,58
1702,u run like that,,2,[Team0][Player2]: u run like that,58
1703,dont talk about my bashes :),,2,[Team0][Player2]: dont talk about my bashes :),58
1704,only 1 out of 4 hits,,9,[Team1][Player4]: only 1 out of 4 hits,58
1705,like it should be,,9,[Team1][Player4]: like it should be,58
1706,lifestealer complaing about bash chance,,4,[Team0][Player4]: lifestealer complaing about bash chance,58
1707,lol,,7,[Team1][Player2]: lol,58
1708,:D,,2,[Team0][Player2]: :D,58
1709,ez game,,2,[Team0][Player2]: ez game,58
1710,gl next,,2,[Team0][Player2]: gl next,58
1711,ol,,7,[Team1][Player2]: ol,58
1712,ok,,7,[Team1][Player2]: ok,58
1713,gg,,4,[Team0][Player4]: gg,58
1714,gg wp,,5,[Team1][Player0]: gg wp,58
1715,gg,,9,[Team1][Player4]: gg,58
1716,MULEKE TU ERUIN,,5,[Team1][Player0]: MULEKE TU ERUIN,42
1717,COM TODOS HERO,,5,[Team1][Player0]: COM TODOS HERO,42
1718,xd,,0,[Team0][Player0]: xd,42
1719,SERIO QUE TU ACHO,,5,[Team1][Player0]: SERIO QUE TU ACHO,42
1720,QUE PEGA ISSO,,5,[Team1][Player0]: QUE PEGA ISSO,42
1721,NO MEU ULT,,5,[Team1][Player0]: NO MEU ULT,42
1722,relaxa,,0,[Team0][Player0]: relaxa,42
1723,xdxD,,4,[Team0][Player4]: xdxD,42
1724,GO DYUEKLE,,4,[Team0][Player4]: GO DYUEKLE,42
1725,Ty,,4,[Team0][Player4]: Ty,42
1726,pudge,,4,[Team0][Player4]: pudge,42
1727,gg slark,,1,[Team0][Player1]: gg slark,42
1728,report mid ´pls,,4,[Team0][Player4]: report mid ´pls,42
1729,nad pudge,,4,[Team0][Player4]: nad pudge,42
1730,SIM,,5,[Team1][Player0]: SIM,42
1731,ELE MUITO RUIN KKK,,5,[Team1][Player0]: ELE MUITO RUIN KKK,42
1732,bkb,,4,[Team0][Player4]: bkb,42
1733,PEGO REPORTE DE TODO MUNDO,,5,[Team1][Player0]: PEGO REPORTE DE TODO MUNDO,42
1734,NA PASSAQDA,,5,[Team1][Player0]: NA PASSAQDA,42
1735,CARA CONTINUA,,5,[Team1][Player0]: CARA CONTINUA,42
1736,tY,,4,[Team0][Player4]: tY,42
1737,:v,,9,[Team1][Player4]: :v,42
1738,COIPIS,,4,[Team0][Player4]: COIPIS,42
1739,gg,,0,[Team0][Player0]: gg,42
1740,gema  nice,,4,[Team0][Player4]: gema  nice,42
1741,stupid mid,,4,[Team0][Player4]: stupid mid,42
1742,Se me deixa ir mid na passada era duas vitoria animal,,5,[Team1][Player0]: Se me deixa ir mid na passada era duas vitoria animal,42
1743,gg,,4,[Team0][Player4]: gg,42
1744,Team bad,,4,[Team0][Player4]: Team bad,42
1745,mid  3k,,4,[Team0][Player4]: mid  3k,42
1746,como e facil ganha de um sf mid,,5,[Team1][Player0]: como e facil ganha de um sf mid,42
1747,E tu pega uma taca grande,,5,[Team1][Player0]: E tu pega uma taca grande,42
1748,Xd,,9,[Team1][Player4]: Xd,42
1749,xD,,4,[Team0][Player4]: xD,42
1750,ez,,8,[Team1][Player3]: ez,42
1751,:D,,4,[Team0][Player4]: :D,42
1752,lol,,6,[Team1][Player1]: lol,42
1753,jajaj,,9,[Team1][Player4]: jajaj,42
1754,EZ,,4,[Team0][Player4]: EZ,42
1755,press J to Dance,,5,[Team1][Player0]: press J to Dance,23
1756,haha,,6,[Team1][Player1]: haha,23
1757,awww,,6,[Team1][Player1]: awww,23
1758,bad QOP,,6,[Team1][Player1]: bad QOP,23
1759,",MEEPO. ARE YOU REALLY AN CIENT?",,6,"[Team1][Player1]: ,MEEPO. ARE YOU REALLY AN CIENT?",23
1760,im buying this ac,,1,[Team0][Player1]: im buying this ac,23
1761,SO YOU ARE DIVINE?,,6,[Team1][Player1]: SO YOU ARE DIVINE?,23
1762,Sakay,,5,[Team1][Player0]: Sakay,23
1763,HARSH ON SUPP,,6,[Team1][Player1]: HARSH ON SUPP,23
1764,Grabe ang yaman nyo T_T,,5,[Team1][Player0]: Grabe ang yaman nyo T_T,23
1765,dami nyo BB,,5,[Team1][Player0]: dami nyo BB,23
1766,WHY ALWAYS ME MEEPO :),,6,[Team1][Player1]: WHY ALWAYS ME MEEPO :),23
1767,INLOVE WITH ME?,,6,[Team1][Player1]: INLOVE WITH ME?,23
1768,paper,,5,[Team1][Player0]: paper,23
1769,sad,,5,[Team1][Player0]: sad,23
1770,SAD,,6,[Team1][Player1]: SAD,23
1771,kaawkakakw,,2,[Team0][Player2]: kaawkakakw,23
1772,Sv,,2,[Team0][Player2]: Sv,23
1773,Gfg,,2,[Team0][Player2]: Gfg,23
1774,FG,,2,[Team0][Player2]: FG,23
1775,gF,,2,[Team0][Player2]: gF,23
1776,anciient mo?,,5,[Team1][Player0]: anciient mo?,23
1777,gF,,2,[Team0][Player2]: gF,23
1778,fF,,2,[Team0][Player2]: fF,23
1779,g,,2,[Team0][Player2]: g,23
1780,f,,2,[Team0][Player2]: f,23
1781,rmk,,3,[Team0][Player3]: rmk,36
1782,rmk?,,3,[Team0][Player3]: rmk?,36
1783,please,,3,[Team0][Player3]: please,36
1784,me and my team,,3,[Team0][Player3]: me and my team,36
1785,newbs,,3,[Team0][Player3]: newbs,36
1786,leave,,5,[Team1][Player0]: leave,36
1787,wtf,,1,[Team0][Player1]: wtf,36
1788,привет,,9,[Team1][Player4]: привет,36
1789,Wooo,,3,[Team0][Player3]: Wooo,36
1790,how did u type that,,3,[Team0][Player3]: how did u type that,36
1791,npnbet,,3,[Team0][Player3]: npnbet,36
1792,npubet,,5,[Team1][Player0]: npubet,36
1793,rmk,,3,[Team0][Player3]: rmk,36
1794,nosean rasistas con un arconte perros,,8,[Team1][Player3]: nosean rasistas con un arconte perros,49
1795,ptm me siento pequeño,,8,[Team1][Player3]: ptm me siento pequeño,49
1796,merecido,,2,[Team0][Player2]: merecido,49
1797,FEEDOU QUITOU,,2,[Team0][Player2]: FEEDOU QUITOU,49
1798,SK HC,,6,[Team1][Player1]: SK HC,49
1799,PLZ RAPORT,,6,[Team1][Player1]: PLZ RAPORT,49
1800,oleee,,8,[Team1][Player3]: oleee,49
1801,?,,0,[Team0][Player0]: ?,49
1802,??',,8,[Team1][Player3]: ??',49
1803,magnus,,8,[Team1][Player3]: magnus,49
1804,runnnnnnnnnnnnnn,,5,[Team1][Player0]: runnnnnnnnnnnnnn,49
1805,bichh,,5,[Team1][Player0]: bichh,49
1806,runnnnnnnn,,5,[Team1][Player0]: runnnnnnnn,49
1807,gg,,0,[Team0][Player0]: gg,49
1808,revenge time?,,5,[Team1][Player0]: revenge time?,26
1809,why not,,3,[Team0][Player3]: why not,26
1810,at least that voker isnt here,,7,[Team1][Player2]: at least that voker isnt here,26
1811,so i wont get as angry,,7,[Team1][Player2]: so i wont get as angry,26
1812,abandoning if thats fine guys?,,5,[Team1][Player0]: abandoning if thats fine guys?,26
1813,lol you desp want to win this one hahaha,,2,[Team0][Player2]: lol you desp want to win this one hahaha,26
1814,4 carries is a bit desparate,,4,[Team0][Player4]: 4 carries is a bit desparate,26
1815,w,,5,[Team1][Player0]: w,26
1816,nope,,3,[Team0][Player3]: nope,26
1817,t,,5,[Team1][Player0]: t,26
1818,f,,5,[Team1][Player0]: f,26
1819,lol,,2,[Team0][Player2]: lol,26
1820,i pick techies,,5,[Team1][Player0]: i pick techies,26
1821,i think im good,,5,[Team1][Player0]: i think im good,26
1822,x,,5,[Team1][Player0]: x,26
1823,X,,5,[Team1][Player0]: X,26
1824,XD,,5,[Team1][Player0]: XD,26
1825,lol,,2,[Team0][Player2]: lol,26
1826,wp,,2,[Team0][Player2]: wp,26
1827,whattattatatattata,,5,[Team1][Player0]: whattattatatattata,26
1828,ahh wow that makes sense,,2,[Team0][Player2]: ahh wow that makes sense,26
1829,yeah,,5,[Team1][Player0]: yeah,26
1830,LOL,,2,[Team0][Player2]: LOL,26
1831,ouch,,5,[Team1][Player0]: ouch,26
1832,fuck,,5,[Team1][Player0]: fuck,26
1833,lol,,1,[Team0][Player1]: lol,26
1834,lol,,6,[Team1][Player1]: lol,26
1835,techies u are actually a fucking poes,,5,[Team1][Player0]: techies u are actually a fucking poes,26
1836,haha,,2,[Team0][Player2]: haha,26
1837,irl,,7,[Team1][Player2]: irl,26
1838,like this game would of been done 20 years ago,,5,[Team1][Player0]: like this game would of been done 20 years ago,26
1839,but we cant fucking push high,,5,[Team1][Player0]: but we cant fucking push high,26
1840,such lies,,0,[Team0][Player0]: such lies,26
1841,yeah,,5,[Team1][Player0]: yeah,26
1842,ez,,5,[Team1][Player0]: ez,26
1843,lol we picked a techies to have fun sooo,,2,[Team0][Player2]: lol we picked a techies to have fun sooo,26
1844,nc gem,,3,[Team0][Player3]: nc gem,26
1845,wk,,3,[Team0][Player3]: wk,26
1846,<3,,3,[Team0][Player3]: <3,26
1847,gg wp,,6,[Team1][Player1]: gg wp,26
1848,gg,,1,[Team0][Player1]: gg,26
1849,lol gg,,2,[Team0][Player2]: lol gg,26
1850,wp guys,,1,[Team0][Player1]: wp guys,26
1851,wp pig,,2,[Team0][Player2]: wp pig,26
1852,was fun,,1,[Team0][Player1]: was fun,26
1853,gg wp,,4,[Team0][Player4]: gg wp,26
1854,gg,,7,[Team1][Player2]: gg,26
1855,why ban techies? :P,,7,[Team1][Player2]: why ban techies? :P,57
1856,i wanted to play it :D,,7,[Team1][Player2]: i wanted to play it :D,57
1857,meepo booster?,,8,[Team1][Player3]: meepo booster?,57
1858,nggk kok,,2,[Team0][Player2]: nggk kok,57
1859,cek profile,,2,[Team0][Player2]: cek profile,57
1860,ako noob,,2,[Team0][Player2]: ako noob,57
1861,ogay,,8,[Team1][Player3]: ogay,57
1862,gl,,2,[Team0][Player2]: gl,57
1863,ogay,,8,[Team1][Player3]: ogay,57
1864,best draft,,6,[Team1][Player1]: best draft,57
1865,haha,,6,[Team1][Player1]: haha,57
1866,400 xpm gpm,,2,[Team0][Player2]: 400 xpm gpm,57
1867,die amput,,2,[Team0][Player2]: die amput,57
1868,chat G ko a pyat tee lite p,,0,[Team0][Player0]: chat G ko a pyat tee lite p,57
1869,hah,,5,[Team1][Player0]: hah,57
1870,:),,5,[Team1][Player0]: :),57
1871,nhat chee pr htouk twar ml,,0,[Team0][Player0]: nhat chee pr htouk twar ml,57
1872,haha,,0,[Team0][Player0]: haha,57
1873,next time i will kill u,,5,[Team1][Player0]: next time i will kill u,57
1874,hahah,,5,[Team1][Player0]: hahah,57
1875,haha peace,,0,[Team0][Player0]: haha peace,57
1876,chat G yay,,0,[Team0][Player0]: chat G yay,57
1877,haha,,5,[Team1][Player0]: haha,57
1878,podge,,2,[Team0][Player2]: podge,57
1879,chat kyee thanks,,8,[Team1][Player3]: chat kyee thanks,57
1880,lol,,0,[Team0][Player0]: lol,57
1881,i'm not chat G,,0,[Team0][Player0]: i'm not chat G,57
1882,chat G is rubick,,0,[Team0][Player0]: chat G is rubick,57
1883,ngar kyi pal,,5,[Team1][Player0]: ngar kyi pal,57
1884,nice set invo,,4,[Team0][Player4]: nice set invo,57
1885,s,,9,[Team1][Player4]: s,57
1886,lol,,2,[Team0][Player2]: lol,57
1887,ggwp,,7,[Team1][Player2]: ggwp,57
1888,best draft?,,2,[Team0][Player2]: best draft?,57
1889,infucker?,,2,[Team0][Player2]: infucker?,57
1890,best draft for u noob,,6,[Team1][Player1]: best draft for u noob,57
1891,apaya,,2,[Team0][Player2]: apaya,57
1892,apanya,,2,[Team0][Player2]: apanya,57
1893,bad draft for dire,,6,[Team1][Player1]: bad draft for dire,57
1894,draft apa,,2,[Team0][Player2]: draft apa,57
1895,chat G yay,,0,[Team0][Player0]: chat G yay,57
1896,idiotfuck,,6,[Team1][Player1]: idiotfuck,57
1897,wp,,9,[Team1][Player4]: wp,57
1898,ok,,2,[Team0][Player2]: ok,57
1899,gg,,2,[Team0][Player2]: gg,57
1900,gg,,5,[Team1][Player0]: gg,57
1901,commend me,,4,[Team0][Player4]: commend me,57
1902,chat G yay,,0,[Team0][Player0]: chat G yay,57
1903,gg invo,,4,[Team0][Player4]: gg invo,57
1904,wait,,8,[Team1][Player3]: wait,5
1905,_,,5,[Team1][Player0]: _,5
1906,thats why you still in single draft,,2,[Team0][Player2]: thats why you still in single draft,5
1907,lol,,5,[Team1][Player0]: lol,5
1908,sure we are,,9,[Team1][Player4]: sure we are,5
1909,where is your disruptor>,,2,[Team0][Player2]: where is your disruptor>,5
1910,bad connection,,8,[Team1][Player3]: bad connection,5
1911,bad pc,,5,[Team1][Player0]: bad pc,5
1912,w,,5,[Team1][Player0]: w,5
1913,where is your friend?,,2,[Team0][Player2]: where is your friend?,5
1914,he is coming,,8,[Team1][Player3]: he is coming,5
1915,unpause,,2,[Team0][Player2]: unpause,5
1916,i dont have any friend,,9,[Team1][Player4]: i dont have any friend,5
1917,wtf,,0,[Team0][Player0]: wtf,5
1918,wtf,,2,[Team0][Player2]: wtf,5
1919,why,,2,[Team0][Player2]: why,5
1920,nice,,9,[Team1][Player4]: nice,5
1921,rat is real,,9,[Team1][Player4]: rat is real,5
1922,gg,,2,[Team0][Player2]: gg,5
1923,EZ,,5,[Team1][Player0]: EZ,5
1924,EZ,,5,[Team1][Player0]: EZ,5
1925,ez,,7,[Team1][Player2]: ez,5
1926,EZ,,5,[Team1][Player0]: EZ,5
1927,EZ,,5,[Team1][Player0]: EZ,5
1928,good game dude,,9,[Team1][Player4]: good game dude,5
1929,EZ,,5,[Team1][Player0]: EZ,5
1930,Pudge is not Pudge,,0,[Team0][Player0]: Pudge is not Pudge,77
1931,?,,7,[Team1][Player2]: ?,77
1932,gg,,5,[Team1][Player0]: gg,77
1933,fuck you,x,0,[Team0][Player0]: fuck you,77
1934,+1 void,,6,[Team1][Player1]: +1 void,77
1935,wait,,6,[Team1][Player1]: wait,77
1936,lol,,3,[Team0][Player3]: lol,77
1937,we do,,0,[Team0][Player0]: we do,77
1938,we wait,,0,[Team0][Player0]: we wait,77
1939,we are polite,,0,[Team0][Player0]: we are polite,77
1940,gg,,1,[Team0][Player1]: gg,77
1941,gg,,2,[Team0][Player2]: gg,77
1942,gege,,6,[Team1][Player1]: gege,77
1943,gg,,3,[Team0][Player3]: gg,77
1944,OMG,,7,[Team1][Player2]: OMG,10
1945,dogbrain is back,,7,[Team1][Player2]: dogbrain is back,10
1946,the tiny,,7,[Team1][Player2]: the tiny,10
1947,Hahahahahaha,,7,[Team1][Player2]: Hahahahahaha,10
1948,prince,,8,[Team1][Player3]: prince,10
1949,wa na jeth sa amo,,8,[Team1][Player3]: wa na jeth sa amo,10
1950,isaw that dp i laughed so hard,,7,[Team1][Player2]: isaw that dp i laughed so hard,10
1951,CDD,,8,[Team1][Player3]: CDD,10
1952,Ngano,,3,[Team0][Player3]: Ngano,10
1953,who r u,,0,[Team0][Player0]: who r u,10
1954,Easy to get ra kaayo sa voya,,8,[Team1][Player3]: Easy to get ra kaayo sa voya,10
1955,dogbrain is back,,7,[Team1][Player2]: dogbrain is back,10
1956,Kayat,,3,[Team0][Player3]: Kayat,10
1957,Gd,,3,[Team0][Player3]: Gd,10
1958,why change name?,,7,[Team1][Player2]: why change name?,10
1959,gi ingna ra nga naay allowance,,8,[Team1][Player3]: gi ingna ra nga naay allowance,10
1960,knsa imo ka storya,,9,[Team1][Player4]: knsa imo ka storya,10
1961,adto na sya,,8,[Team1][Player3]: adto na sya,10
1962,wahahaha,,3,[Team0][Player3]: wahahaha,10
1963,peata,,3,[Team0][Player3]: peata,10
1964,ha?,,9,[Team1][Player4]: ha?,10
1965,wa pa kbaw,,8,[Team1][Player3]: wa pa kbaw,10
1966,wa moy usa na ron?,,3,[Team0][Player3]: wa moy usa na ron?,10
1967,uu,,8,[Team1][Player3]: uu,10
1968,knsa imo ka storya oy,,9,[Team1][Player4]: knsa imo ka storya oy,10
1969,hawa goro ko ani,,8,[Team1][Player3]: hawa goro ko ani,10
1970,HAHAHA MUTED,,3,[Team0][Player3]: HAHAHA MUTED,10
1971,nmo choylloy?,,3,[Team0][Player3]: nmo choylloy?,10
1972,tskl tkskt sk,,3,[Team0][Player3]: tskl tkskt sk,10
1973,wa man,,8,[Team1][Player3]: wa man,10
1974,gi mute kas ako kauban,,3,[Team0][Player3]: gi mute kas ako kauban,10
1975,migo diay,,3,[Team0][Player3]: migo diay,10
1976,Xd,,3,[Team0][Player3]: Xd,10
1977,migo d i ta,,9,[Team1][Player4]: migo d i ta,10
1978,LLU,,3,[Team0][Player3]: LLU,10
1979,lover uys,,9,[Team1][Player4]: lover uys,10
1980,Pubg ta,,3,[Team0][Player3]: Pubg ta,10
1981,Cholyoy,,3,[Team0][Player3]: Cholyoy,10
1982,WHA?TY,,3,[Team0][Player3]: WHA?TY,10
1983,Waito,,7,[Team1][Player2]: Waito,10
1984,4 man,,8,[Team1][Player3]: 4 man,10
1985,end,,8,[Team1][Player3]: end,10
1986,yahayag life choyloy ah,,3,[Team0][Player3]: yahayag life choyloy ah,10
1987,syer ey,,9,[Team1][Player4]: syer ey,10
1988,0-3 gani,,9,[Team1][Player4]: 0-3 gani,10
1989,LEL,,8,[Team1][Player3]: LEL,10
1990,Qweqwe,,7,[Team1][Player2]: Qweqwe,10
1991,Qwe,,7,[Team1][Player2]: Qwe,10
1992,Im so confused,,3,[Team0][Player3]: Im so confused,10
1993,ya,,8,[Team1][Player3]: ya,10
1994,u ask help,,8,[Team1][Player3]: u ask help,10
1995,Ask what,,3,[Team0][Player3]: Ask what,10
1996,bokbokon tka run,,9,[Team1][Player4]: bokbokon tka run,10
1997,HAHAHAHAHAHA,,3,[Team0][Player3]: HAHAHAHAHAHA,10
1998,rofl,,9,[Team1][Player4]: rofl,10
1999,i love dota3,,9,[Team1][Player4]: i love dota3,10
2000,yuri,,3,[Team0][Player3]: yuri,10
2001,kinsay nawala,,3,[Team0][Player3]: kinsay nawala,10
2002,Sa voya diay,,3,[Team0][Player3]: Sa voya diay,10
2003,hoy,,3,[Team0][Player3]: hoy,10
2004,prince,,8,[Team1][Player3]: prince,10
2005,akin,,8,[Team1][Player3]: akin,10
2006,na,,8,[Team1][Player3]: na,10
2007,MMR,,8,[Team1][Player3]: MMR,10
2008,NAORT,,8,[Team1][Player3]: NAORT,10
2009,knsay nawa,,3,[Team0][Player3]: knsay nawa,10
2010,GAgow,,3,[Team0][Player3]: GAgow,10
2011,JETH,,8,[Team1][Player3]: JETH,10
2012,GANI,,8,[Team1][Player3]: GANI,10
2013,sa voya pa,,3,[Team0][Player3]: sa voya pa,10
2014,kinsay ni puli,,3,[Team0][Player3]: kinsay ni puli,10
2015,DOnt know,,8,[Team1][Player3]: DOnt know,10
2016,ingnang,,8,[Team1][Player3]: ingnang,10
2017,JETH,,8,[Team1][Player3]: JETH,10
2018,ge,,3,[Team0][Player3]: ge,10
2019,dota 2,,3,[Team0][Player3]: dota 2,10
2020,haitang choy da,,9,[Team1][Player4]: haitang choy da,10
2021,|gihatag mani ni jobb,,8,[Team1][Player3]: |gihatag mani ni jobb,10
2022,ning duwaa,,8,[Team1][Player3]: ning duwaa,10
2023,o,,8,[Team1][Player3]: o,10
2024,Ayay choyloy,,3,[Team0][Player3]: Ayay choyloy,10
2025,Gi blame ka,,3,[Team0][Player3]: Gi blame ka,10
2026,wa tawn,,8,[Team1][Player3]: wa tawn,10
2027,322,,8,[Team1][Player3]: 322,10
2028,hahaha,,9,[Team1][Player4]: hahaha,10
2029,MMR,,8,[Team1][Player3]: MMR,10
2030,Dot,,3,[Team0][Player3]: Dot,10
2031,Doita 2,,3,[Team0][Player3]: Doita 2,10
2032,timb,,8,[Team1][Player3]: timb,10
2033,What,,3,[Team0][Player3]: What,10
2034,hepl us,,8,[Team1][Player3]: hepl us,10
2035,ty,,8,[Team1][Player3]: ty,10
2036,WTF,,8,[Team1][Player3]: WTF,10
2037,ROFL,,3,[Team0][Player3]: ROFL,10
2038,ROFL,,3,[Team0][Player3]: ROFL,10
2039,GAME OF IDIOTS,x,7,[Team1][Player2]: GAME OF IDIOTS,10
2040,BOT,,3,[Team0][Player3]: BOT,10
2041,ggs,,3,[Team0][Player3]: ggs,10
2042,ganteng ganteng serigala?,,1,[Team0][Player1]: ganteng ganteng serigala?,10
2043,aline,,8,[Team1][Player3]: aline,10
2044,alien?,,8,[Team1][Player3]: alien?,10
2045,ggs?,,1,[Team0][Player1]: ggs?,10
2046,L U L,,1,[Team0][Player1]: L U L,10
2047,dafuq,,3,[Team0][Player3]: dafuq,10
2048,BYE,,8,[Team1][Player3]: BYE,10
2049,my tb always dying,,6,[Team1][Player1]: my tb always dying,10
2050,DOGS,,8,[Team1][Player3]: DOGS,10
2051,Dmd kaduha ni bfog,,3,[Team0][Player3]: Dmd kaduha ni bfog,10
2052,fog,,3,[Team0][Player3]: fog,10
2053,Ka,,3,[Team0][Player3]: Ka,10
2054,patay naman ta ka,,3,[Team0][Player3]: patay naman ta ka,10
2055,HAHAHAHA,,3,[Team0][Player3]: HAHAHAHA,10
2056,OH FUCK,,8,[Team1][Player3]: OH FUCK,10
2057,700,,8,[Team1][Player3]: 700,10
2058,tayag,,8,[Team1][Player3]: tayag,10
2059,throw ah,,8,[Team1][Player3]: throw ah,10
2060,GEGE,,8,[Team1][Player3]: GEGE,10
2061,Wew?,,3,[Team0][Player3]: Wew?,10
2062,hekhek,,9,[Team1][Player4]: hekhek,10
2063,gg,,3,[Team0][Player3]: gg,10
2064,Chaloooooooopi,,9,[Team1][Player4]: Chaloooooooopi,10
2065,g tagaan kag bonus game,,9,[Team1][Player4]: g tagaan kag bonus game,10
2066,tsk2,,9,[Team1][Player4]: tsk2,10
2067,teams so good,,3,[Team0][Player3]: teams so good,10
2068,god damn!,,3,[Team0][Player3]: god damn!,10
2069,HO FUCK,,8,[Team1][Player3]: HO FUCK,10
2070,GG,,8,[Team1][Player3]: GG,10
2071,Lol,,3,[Team0][Player3]: Lol,10
2072,TB NO BKB,,8,[Team1][Player3]: TB NO BKB,10
2073,END,,8,[Team1][Player3]: END,10
2074,L O L,,6,[Team1][Player1]: L O L,10
2075,gg chalooopi,,9,[Team1][Player4]: gg chalooopi,10
2076,miss oyu cohyloy,,3,[Team0][Player3]: miss oyu cohyloy,10
2077,TB,,8,[Team1][Player3]: TB,10
2078,GOD,,8,[Team1][Player3]: GOD,10
2079,anha ko manila,,3,[Team0][Player3]: anha ko manila,10
2080,nxty week,,3,[Team0][Player3]: nxty week,10
2081,nice,,9,[Team1][Player4]: nice,10
2082,GE,,8,[Team1][Player3]: GE,10
2083,ANHA SAD KO,,8,[Team1][Player3]: ANHA SAD KO,10
2084,kita lang ta TI,,9,[Team1][Player4]: kita lang ta TI,10
2085,:D,,9,[Team1][Player4]: :D,10
2086,XD,,3,[Team0][Player3]: XD,10
2087,TB GOD,,8,[Team1][Player3]: TB GOD,10
2088,fuck this bh,,2,[Team0][Player2]: fuck this bh,10
2089,kill me,,2,[Team0][Player2]: kill me,10
2090,gege,,9,[Team1][Player4]: gege,10
2091,what is my team,,3,[Team0][Player3]: what is my team,10
2092,DOing,,3,[Team0][Player3]: DOing,10
2093,hoenstly,,3,[Team0][Player3]: hoenstly,10
2094,xd,,9,[Team1][Player4]: xd,10
2095,what bracket,,3,[Team0][Player3]: what bracket,10
2096,IS tihs,,3,[Team0][Player3]: IS tihs,10
2097,carry u?,,8,[Team1][Player3]: carry u?,10
2098,HOyl shit,,3,[Team0][Player3]: HOyl shit,10
2099,carry u?,,8,[Team1][Player3]: carry u?,10
2100,?,,3,[Team0][Player3]: ?,10
2101,you suck,x,3,[Team0][Player3]: you suck,10
2102,balls,,3,[Team0][Player3]: balls,10
2103,dumb fuck,,3,[Team0][Player3]: dumb fuck,10
2104,LEL,,8,[Team1][Player3]: LEL,10
2105,chaloopa,,8,[Team1][Player3]: chaloopa,10
2106,Find me 24/7,,3,[Team0][Player3]: Find me 24/7,10
2107,suck my dick,x,3,[Team0][Player3]: suck my dick,10
2108,if oyu can,,3,[Team0][Player3]: if oyu can,10
2109,hahaha,,8,[Team1][Player3]: hahaha,10
2110,,,8,[Team1][Player3]: ,10
2111,XD,,3,[Team0][Player3]: XD,10
2112,awa ra,,3,[Team0][Player3]: awa ra,10
2113,MAN,,3,[Team0][Player3]: MAN,10
2114,I WANNA PLAY,,3,[Team0][Player3]: I WANNA PLAY,10
2115,PUBG,,3,[Team0][Player3]: PUBG,10
2116,STOP TRYING,,3,[Team0][Player3]: STOP TRYING,10
2117,IDGAF?,,8,[Team1][Player3]: IDGAF?,10
2118,You FUCkign MORONS,x,3,[Team0][Player3]: You FUCkign MORONS,10
2119,Wtf,,1,[Team0][Player1]: Wtf,10
2120,END,,8,[Team1][Player3]: END,10
2121,NOW,,8,[Team1][Player3]: NOW,10
2122,FSAT,,8,[Team1][Player3]: FSAT,10
2123,pakatangang dota,,6,[Team1][Player1]: pakatangang dota,10
2124,FUCKING,,8,[Team1][Player3]: FUCKING,10
2125,dota 3,,8,[Team1][Player3]: dota 3,10
2126,Dota 5,,8,[Team1][Player3]: Dota 5,10
2127,dota 4,,8,[Team1][Player3]: dota 4,10
2128,DOGS,,8,[Team1][Player3]: DOGS,10
2129,TB,,8,[Team1][Player3]: TB,10
2130,nxt ysar,,8,[Team1][Player3]: nxt ysar,10
2131,Ez,,1,[Team0][Player1]: Ez,10
2132,Buy bkb,,8,[Team1][Player3]: Buy bkb,10
2133,TN legit,,6,[Team1][Player1]: TN legit,10
2134,TB,,6,[Team1][Player1]: TB,10
2135,legit,,6,[Team1][Player1]: legit,10
2136,Player,,6,[Team1][Player1]: Player,10
2137,EZ MID,,8,[Team1][Player3]: EZ MID,10
2138,EZ,,1,[Team0][Player1]: EZ,10
2139,youre al ldumb,x,3,[Team0][Player3]: youre al ldumb,10
2140,except,,3,[Team0][Player3]: except,10
2141,brown,,3,[Team0][Player3]: brown,10
2142,tangina mo mamatay kana,,6,[Team1][Player1]: tangina mo mamatay kana,10
2143,BTW,,8,[Team1][Player3]: BTW,10
2144,Ty,,3,[Team0][Player3]: Ty,10
2145,EZ MID,,8,[Team1][Player3]: EZ MID,10
2146,?,,3,[Team0][Player3]: ?,10
2147,LUL,,3,[Team0][Player3]: LUL,10
2148,rubick god,,2,[Team0][Player2]: rubick god,10
2149,guys,,5,[Team1][Player0]: guys,72
2150,r u stupid ?,,5,[Team1][Player0]: r u stupid ?,72
2151,why the fuck u focus tanky,,5,[Team1][Player0]: why the fuck u focus tanky,72
2152,since when are u tanky rofl,,2,[Team0][Player2]: since when are u tanky rofl,72
2153,ok,,5,[Team1][Player0]: ok,72
2154,try to kill me solo,,5,[Team1][Player0]: try to kill me solo,72
2155,rofl,,2,[Team0][Player2]: rofl,72
2156,will see,,5,[Team1][Player0]: will see,72
2157,gee gee,,6,[Team1][Player1]: gee gee,72
2158,ggwp,,0,[Team0][Player0]: ggwp,72
2159,having a mega fun time?,,6,[Team1][Player1]: having a mega fun time?,72
2160,super phun,,2,[Team0][Player2]: super phun,72
2161,enjoying wasting time,,5,[Team1][Player0]: enjoying wasting time,72
2162,Gege,,2,[Team0][Player2]: Gege,72
2163,gee gee,,6,[Team1][Player1]: gee gee,72
2164,Red Hot Chili Peppers - Scar Tissue [Official Music Video],,0,[Team0][Player0]: Red Hot Chili Peppers - Scar Tissue [Official Music Video],17
2165,???,,2,[Team0][Player2]: ???,17
2166,XD,,2,[Team0][Player2]: XD,17
2167,jajajjajajajajajajaj,,2,[Team0][Player2]: jajajjajajajajajajaj,17
2168,igual  van a perder,,2,[Team0][Player2]: igual  van a perder,17
2169,jajjajajajajaja,,2,[Team0][Player2]: jajjajajajajaja,17
2170,.i.,,0,[Team0][Player0]: .i.,17
2171,report sniper,,6,[Team1][Player1]: report sniper,17
2172,jajajaja,,2,[Team0][Player2]: jajajaja,17
2173,estos perros me aman,,2,[Team0][Player2]: estos perros me aman,17
2174,por que ese sniper no tienen items??,,2,[Team0][Player2]: por que ese sniper no tienen items??,17
2175,xddd,,0,[Team0][Player0]: xddd,17
2176,xd,,0,[Team0][Player0]: xd,17
2177,xd,,0,[Team0][Player0]: xd,17
2178,xd,,0,[Team0][Player0]: xd,17
2179,xd,,0,[Team0][Player0]: xd,17
2180,pega nois comedia,,8,[Team1][Player3]: pega nois comedia,17
2181,jkkhhkhjj,,7,[Team1][Player2]: jkkhhkhjj,17
2182,jajaja,,2,[Team0][Player2]: jajaja,17
2183,siempre me matan de a dos,,2,[Team0][Player2]: siempre me matan de a dos,17
2184,????,,2,[Team0][Player2]: ????,17
2185,3,,2,[Team0][Player2]: 3,17
2186,jajajja,,2,[Team0][Player2]: jajajja,17
2187,visão de game te falta,,8,[Team1][Player3]: visão de game te falta,17
2188,sniper??,,2,[Team0][Player2]: sniper??,17
2189,I NEED RAMPAGE,,7,[Team1][Player2]: I NEED RAMPAGE,17
2190,NICE MAN,,7,[Team1][Player2]: NICE MAN,17
2191,bkb y ulti para eso??,,2,[Team0][Player2]: bkb y ulti para eso??,17
2192,nice counter picks,,6,[Team1][Player1]: nice counter picks,83
2193,ez,,6,[Team1][Player1]: ez,83
2194,lol,,7,[Team1][Player2]: lol,83
2195,XD,,6,[Team1][Player1]: XD,83
2196,lol,,7,[Team1][Player2]: lol,83
2197,xd,,6,[Team1][Player1]: xd,83
2198,lol,,8,[Team1][Player3]: lol,83
2199,end pleaase,,4,[Team0][Player4]: end pleaase,83
2200,look at our safelane luna,,2,[Team0][Player2]: look at our safelane luna,83
2201,gggwp,,6,[Team1][Player1]: gggwp,83
2202,ez trilane,,6,[Team1][Player1]: ez trilane,83
2203,EZ,,9,[Team1][Player4]: EZ,83
2204,ez,,7,[Team1][Player2]: ez,83
2205,"GEWSRfdhgj,k",,9,"[Team1][Player4]: GEWSRfdhgj,k",22
2206,АХАХХАХА,,2,[Team0][Player2]: АХАХХАХА,22
2207,а ты не плох,,2,[Team0][Player2]: а ты не плох,22
2208,ТЕРРОР,,0,[Team0][Player0]: ТЕРРОР,22
2209,КАК ПОФАРМИЛ?,,0,[Team0][Player0]: КАК ПОФАРМИЛ?,22
2210,СОВСЕМ ИЗИ(,,0,[Team0][Player0]: СОВСЕМ ИЗИ(,22
2211,что у тебя в голове происходит когда ты решаешь высрать это в чат,,7,[Team1][Player2]: что у тебя в голове происходит когда ты решаешь высрать это в чат,22
2212,просто хз,,7,[Team1][Player2]: просто хз,22
2213,смотри на гавно,,0,[Team0][Player0]: смотри на гавно,22
2214,ты этого достоин,,0,[Team0][Player0]: ты этого достоин,22
2215,ну вот смотрю на тебя как ты тут выераешься,,7,[Team1][Player2]: ну вот смотрю на тебя как ты тут выераешься,22
2216,ты говно),,7,[Team1][Player2]: ты говно),22
2217,ахах,,0,[Team0][Player0]: ахах,22
2218,выебал вас,x,0,[Team0][Player0]: выебал вас,22
2219,а я твою мать))0,,7,[Team1][Player2]: а я твою мать))0,22
2220,в школу тебе не пора там?,,0,[Team0][Player0]: в школу тебе не пора там?,22
2221,нет,,7,[Team1][Player2]: нет,22
2222,он в школу пошел,,2,[Team0][Player2]: он в школу пошел,22
2223,always carry gem with a riki :D,,9,[Team1][Player4]: always carry gem with a riki :D,61
2224,gg,,9,[Team1][Player4]: gg,61
2225,gg chen,,7,[Team1][Player2]: gg chen,61
2226,good combo,,7,[Team1][Player2]: good combo,61
2227,"that combo, while annoying, has proven ineffective twice",,6,"[Team1][Player1]: that combo, while annoying, has proven ineffective twice",61
2228,sec mouse cdeda,,1,[Team0][Player1]: sec mouse cdeda,32
2229,dead,,1,[Team0][Player1]: dead,32
2230,who uses wireless mouse in 2018,,9,[Team1][Player4]: who uses wireless mouse in 2018,32
2231,when playing an online game,,9,[Team1][Player4]: when playing an online game,32
2232,true that,,6,[Team1][Player1]: true that,32
2233,you dont deserve a pause actually,,9,[Team1][Player4]: you dont deserve a pause actually,32
2234,rdy thx,,1,[Team0][Player1]: rdy thx,32
2235,,,3,[Team0][Player3]: ,32
2236,arnt those pretty great nowadays,,5,[Team1][Player0]: arnt those pretty great nowadays,32
2237,they are good shit but batter is the problem,,1,[Team0][Player1]: they are good shit but batter is the problem,32
2238,what now?,,6,[Team1][Player1]: what now?,32
2239,penis,,3,[Team0][Player3]: penis,32
2240,his i3 died?,,6,[Team1][Player1]: his i3 died?,32
2241,,,9,[Team1][Player4]: ,32
2242,ggwp,,8,[Team1][Player3]: ggwp,32
2243,gg,,0,[Team0][Player0]: gg,32
2244,ward on shrine really does help win games lol,,6,[Team1][Player1]: ward on shrine really does help win games lol,99
2245,saw me tp in and already had your cores use a tp to come top lol,,6,[Team1][Player1]: saw me tp in and already had your cores use a tp to come top lol,99
2246,gg wp,,0,[Team0][Player0]: gg wp,99
2247,ggwp,,1,[Team0][Player1]: ggwp,99
2248,GG,,2,[Team0][Player2]: GG,99
2249,gg wp,,7,[Team1][Player2]: gg wp,99
2250,ahmad maslan terus,,1,[Team0][Player1]: ahmad maslan terus,81
2251,parok tu,,1,[Team0][Player1]: parok tu,81
2252,?,,6,[Team1][Player1]: ?,81
2253,pak you,x,6,[Team1][Player1]: pak you,81
2254,pak u tok u,x,1,[Team0][Player1]: pak u tok u,81
2255,GG retard,x,6,[Team1][Player1]: GG retard,81
2256,tok u,x,3,[Team0][Player3]: tok u,81
2257,nate berok,,0,[Team0][Player0]: nate berok,81
2258,EZ noob,,6,[Team1][Player1]: EZ noob,81
2259,hahha,,1,[Team0][Player1]: hahha,81
2260,ez,,1,[Team0][Player1]: ez,81
2261,ty,,3,[Team0][Player3]: ty,81
2262,?,,6,[Team1][Player1]: ?,81
2263,mangat telor,,3,[Team0][Player3]: mangat telor,81
2264,gg,,3,[Team0][Player3]: gg,81
2265,haha,,3,[Team0][Player3]: haha,81
2266,die bitch,,9,[Team1][Player4]: die bitch,81
2267,gahahahahahaha,,1,[Team0][Player1]: gahahahahahaha,81
2268,are u ok sf ulti my illu just now,,3,[Team0][Player3]: are u ok sf ulti my illu just now,81
2269,ya,,7,[Team1][Player2]: ya,81
2270,haha,,7,[Team1][Player2]: haha,81
2271,wtf,,0,[Team0][Player0]: wtf,81
2272,bs can rearn?,,0,[Team0][Player0]: bs can rearn?,81
2273,ez,,0,[Team0][Player0]: ez,81
2274,ez,,1,[Team0][Player1]: ez,81
2275,ahaha,,0,[Team0][Player0]: ahaha,81
2276,GG,,6,[Team1][Player1]: GG,81
2277,noob,,1,[Team0][Player1]: noob,81
2278,sad,,3,[Team0][Player3]: sad,81
2279,sad,,3,[Team0][Player3]: sad,81
2280,ez mid,,0,[Team0][Player0]: ez mid,81
2281,sad,,3,[Team0][Player3]: sad,81
2282,sd,,0,[Team0][Player0]: sd,81
2283,sad,,3,[Team0][Player3]: sad,81
2284,sad,,3,[Team0][Player3]: sad,81
2285,sad,,3,[Team0][Player3]: sad,81
2286,gg,,0,[Team0][Player0]: gg,96
2287,report fucking treant,,0,[Team0][Player0]: report fucking treant,96
2288,nice ukt,,3,[Team0][Player3]: nice ukt,96
2289,Gg,,3,[Team0][Player3]: Gg,96
2290,Can you suck a dick?,,3,[Team0][Player3]: Can you suck a dick?,96
2291,please?,,3,[Team0][Player3]: please?,96
2292,was it worth it,,3,[Team0][Player3]: was it worth it,96
2293,?,,3,[Team0][Player3]: ?,96
2294,1 sup for 3 cores,,3,[Team0][Player3]: 1 sup for 3 cores,96
2295,next time don t pick fucking 4 carries,,0,[Team0][Player0]: next time don t pick fucking 4 carries,96
2296,gg,,2,[Team0][Player2]: gg,96
2297,Fuck this game,,3,[Team0][Player3]: Fuck this game,96
2298,boring as fuck game,,0,[Team0][Player0]: boring as fuck game,96
2299,clasic am game...,,2,[Team0][Player2]: clasic am game...,96
2300,w8,,2,[Team0][Player2]: w8,16
2301,wc,,2,[Team0][Player2]: wc,16
2302,1 min,,2,[Team0][Player2]: 1 min,16
2303,ty,,2,[Team0][Player2]: ty,16
2304,so close..,,9,[Team1][Player4]: so close..,16
2305,throne,,6,[Team1][Player1]: throne,16
2306,indeed,,9,[Team1][Player4]: indeed,16
2307,just end,,9,[Team1][Player4]: just end,16
2308,see,,4,[Team0][Player4]: see,16
2309,so close,,4,[Team0][Player4]: so close,16
2310,blademail and ulti,,9,[Team1][Player4]: blademail and ulti,16
2311,you dead,,9,[Team1][Player4]: you dead,16
2312,but can t both so fast,,9,[Team1][Player4]: but can t both so fast,16
2313,im not,,4,[Team0][Player4]: im not,16
2314,try again?,,9,[Team1][Player4]: try again?,16
2315,gg,,1,[Team0][Player1]: gg,16
2316,wait,,9,[Team1][Player4]: wait,16
2317,door,,9,[Team1][Player4]: door,16
2318,ahahha,,1,[Team0][Player1]: ahahha,16
2319,haha,,2,[Team0][Player2]: haha,11
2320,haha,,2,[Team0][Player2]: haha,11
2321,haha,,2,[Team0][Player2]: haha,11
2322,SAGWA NG SKILL,,2,[Team0][Player2]: SAGWA NG SKILL,11
2323,HAHA,,2,[Team0][Player2]: HAHA,11
2324,hahahahaha,,3,[Team0][Player3]: hahahahaha,11
2325,nagtawag,,3,[Team0][Player3]: nagtawag,11
2326,HAHA,,2,[Team0][Player2]: HAHA,11
2327,lol,,5,[Team1][Player0]: lol,11
2328,wtf,,2,[Team0][Player2]: wtf,11
2329,HAHHA,,2,[Team0][Player2]: HAHHA,11
2330,PLAG,,2,[Team0][Player2]: PLAG,11
2331,wtf,,2,[Team0][Player2]: wtf,11
2332,eND,,2,[Team0][Player2]: eND,11
2333,win,,9,[Team1][Player4]: win,11
2334,easy,,9,[Team1][Player4]: easy,11
2335,easy,,9,[Team1][Player4]: easy,11
2336,D,,9,[Team1][Player4]: D,11
2337,:D,,1,[Team0][Player1]: :D,76
2338,че за хуйня,,5,[Team1][Player0]: че за хуйня,76
2339,какие 2 суицида,,5,[Team1][Player0]: какие 2 суицида,76
2340,он ливнул,,5,[Team1][Player0]: он ливнул,76
2341,он ливнул,,6,[Team1][Player1]: он ливнул,76
2342,алё,,6,[Team1][Player1]: алё,76
2343,он ливнул,,8,[Team1][Player3]: он ливнул,76
2344,читай чат,,8,[Team1][Player3]: читай чат,76
2345,даун,,8,[Team1][Player3]: даун,76
2346,читайте чат,,6,[Team1][Player1]: читайте чат,76
2347,read chat,,5,[Team1][Player0]: read chat,76
2348,gg,,5,[Team1][Player0]: gg,76
2349,gg,,5,[Team1][Player0]: gg,76
2350,ЛОХИ !,x,3,[Team0][Player3]: ЛОХИ !,76
2351,ЁБАННЫЕ,x,3,[Team0][Player3]: ЁБАННЫЕ,76
2352,pa,,3,[Team0][Player3]: pa,80
2353,hah,,7,[Team1][Player2]: hah,80
2354,haha,,7,[Team1][Player2]: haha,80
2355,sad,,3,[Team0][Player3]: sad,80
2356,asdas,,3,[Team0][Player3]: asdas,80
2357,asd,,3,[Team0][Player3]: asd,80
2358,Aw,,6,[Team1][Player1]: Aw,80
2359,def,,0,[Team0][Player0]: def,80
2360,haha,,3,[Team0][Player3]: haha,80
2361,hahahaha,,3,[Team0][Player3]: hahahaha,80
2362,haha,,9,[Team1][Player4]: haha,80
2363,gg,,3,[Team0][Player3]: gg,80
2364,gg,,3,[Team0][Player3]: gg,80
2365,gg,,3,[Team0][Player3]: gg,80
2366,gg,,3,[Team0][Player3]: gg,80
2367,gg,,3,[Team0][Player3]: gg,80
2368,gg,,3,[Team0][Player3]: gg,80
2369,gg,,2,[Team0][Player2]: gg,80
2370,FFFGGGEZ,,0,[Team0][Player0]: FFFGGGEZ,80
2371,haha,,1,[Team0][Player1]: haha,80
2372,lol,,6,[Team1][Player1]: lol,80
2373,Gegege,,1,[Team0][Player1]: Gegege,80
2374,haha,,3,[Team0][Player3]: haha,80
2375,LEL,,4,[Team0][Player4]: LEL,80
2376,commend,,3,[Team0][Player3]: commend,80
2377,спс за отвод,,5,[Team1][Player0]: спс за отвод,7
2378,try harder,,1,[Team0][Player1]: try harder,7
2379,:))))),,0,[Team0][Player0]: :))))),7
2380,лайк,,5,[Team1][Player0]: лайк,7
2381,UR DEFENDING :))),,0,[Team0][Player0]: UR DEFENDING :))),7
2382,commend me,,5,[Team1][Player0]: commend me,7
2383,:(,,0,[Team0][Player0]: :(,7
2384,=)))))))))),,1,[Team0][Player1]: =)))))))))),7
2385,:))))))))))))))))))))))),,0,[Team0][Player0]: :))))))))))))))))))))))),7
2386,:))) too fun,,3,[Team0][Player3]: :))) too fun,7
2387,=)))))),,5,[Team1][Player0]: =)))))),7
2388,GG HARD:))))),,0,[Team0][Player0]: GG HARD:))))),7
2389,has predicted thier team will win!,,0,[Team0][Player0]: has predicted thier team will win!,29
2390,xd,,4,[Team0][Player4]: xd,29
2391,has left the game.,,4,[Team0][Player4]: has left the game.,29
2392,has as streak of 10 successfully predicted wins.,,0,[Team0][Player0]: has as streak of 10 successfully predicted wins.,29
2393,has abandoned the game.,,2,[Team0][Player2]: has abandoned the game.,29
2394,has abanonede the game.,,4,[Team0][Player4]: has abanonede the game.,29
2395,GG,,0,[Team0][Player0]: GG,29
2396,RPAMAGE,,0,[Team0][Player0]: RPAMAGE,29
2397,cmd me,,2,[Team0][Player2]: cmd me,29
2398,sCCC,,4,[Team0][Player4]: sCCC,29
2399,gg,,4,[Team0][Player4]: gg,29
2400,cmd me,,2,[Team0][Player2]: cmd me,29
2401,scccc,,2,[Team0][Player2]: scccc,29
2402,Scccccccccccc,,2,[Team0][Player2]: Scccccccccccc,29
2403,HAHHA,,0,[Team0][Player0]: HAHHA,29
2404,GG,,0,[Team0][Player0]: GG,29
2405,SCCC,,0,[Team0][Player0]: SCCC,29
2406,ты че пес,,1,[Team0][Player1]: ты че пес,93
2407,АХАХАХ,,9,[Team1][Player4]: АХАХАХ,93
2408,АХ,,9,[Team1][Player4]: АХ,93
2409,),,1,[Team0][Player1]: ),93
2410,АААААААААА,,5,[Team1][Player0]: АААААААААА,93
2411,через,,9,[Team1][Player4]: через,93
2412,шб,,9,[Team1][Player4]: шб,93
2413,игратЬ,,9,[Team1][Player4]: игратЬ,93
2414,мать,,9,[Team1][Player4]: мать,93
2415,не дсохла?,,9,[Team1][Player4]: не дсохла?,93
2416,Че ты рот открыл,,1,[Team0][Player1]: Че ты рот открыл,93
2417,как проебатЬ,,9,[Team1][Player4]: как проебатЬ,93
2418,игру,,9,[Team1][Player4]: игру,93
2419,"что блять, одному слабо?",,8,"[Team1][Player3]: что блять, одному слабо?",15
2420,),,2,[Team0][Player2]: ),15
2421,"зовешь помощь, уебок на бустере?",,8,"[Team1][Player3]: зовешь помощь, уебок на бустере?",15
2422,я не зову,,2,[Team0][Player2]: я не зову,15
2423,они сами приходят,,2,[Team0][Player2]: они сами приходят,15
2424,(,,2,[Team0][Player2]: (,15
2425,это раскойловка,,0,[Team0][Player0]: это раскойловка,15
2426,да я понял),,5,[Team1][Player0]: да я понял),15
2427,чисто так,,5,[Team1][Player0]: чисто так,15
2428,размяться,,5,[Team1][Player0]: размяться,15
2429,я в ахуе с тебя,,5,[Team1][Player0]: я в ахуе с тебя,15
2430,вечно под клареткой,,5,[Team1][Player0]: вечно под клареткой,15
2431,КАК ТЫ ЭТО ДЕЛАЕШЬ,,9,[Team1][Player4]: КАК ТЫ ЭТО ДЕЛАЕШЬ,15
2432,ДЕМОНЮГА,,9,[Team1][Player4]: ДЕМОНЮГА,15
2433,мы нга роше,,2,[Team0][Player2]: мы нга роше,15
2434,гоу драку,,2,[Team0][Player2]: гоу драку,15
2435,вот объясните,,8,[Team1][Player3]: вот объясните,15
2436,почему у вас попадается бустер,,8,[Team1][Player3]: почему у вас попадается бустер,15
2437,а у нас - дебустер,,8,[Team1][Player3]: а у нас - дебустер,15
2438,я не бустер,,2,[Team0][Player2]: я не бустер,15
2439,"не спорю, я плох",,8,"[Team1][Player3]: не спорю, я плох",15
2440,но блять,,8,[Team1][Player3]: но блять,15
2441,я бутер,,2,[Team0][Player2]: я бутер,15
2442,а я томат,,8,[Team1][Player3]: а я томат,15
2443,да норм всё,,2,[Team0][Player2]: да норм всё,15
2444,я начинка для бутера,,1,[Team0][Player1]: я начинка для бутера,15
2445,в некст игре поиграем вместе,,2,[Team0][Player2]: в некст игре поиграем вместе,15
2446,тупа изи засалил,,9,[Team1][Player4]: тупа изи засалил,15
2447,https://anylvl.com,,2,[Team0][Player2]: https://anylvl.com,15
2448,https://anylvl.com,,2,[Team0][Player2]: https://anylvl.com,15
2449,:D,,9,[Team1][Player4]: :D,15
2450,конча на фуре,,7,[Team1][Player2]: конча на фуре,15
2451,идет в лес когда там вк,,7,[Team1][Player2]: идет в лес когда там вк,15
2452,о,,0,[Team0][Player0]: о,15
2453,не спорю,,0,[Team0][Player0]: не спорю,15
2454,предыдыщую,,0,[Team0][Player0]: предыдыщую,15
2455,собирает мидас),,7,[Team1][Player2]: собирает мидас),15
2456,также было,,0,[Team0][Player0]: также было,15
2457,и афк там стоит),,7,[Team1][Player2]: и афк там стоит),15
2458,да,,0,[Team0][Player0]: да,15
2459,мидас файзы,,0,[Team0][Player0]: мидас файзы,15
2460,после орчид,,0,[Team0][Player0]: после орчид,15
2461,сплитает бот когда падает база,,7,[Team1][Player2]: сплитает бот когда падает база,15
2462,и всю карту так,,0,[Team0][Player0]: и всю карту так,15
2463,спс,,7,[Team1][Player2]: спс,15
2464,2 min please <3,,0,[Team0][Player0]: 2 min please <3,27
2465,no =3,,8,[Team1][Player3]: no =3,27
2466,a v chem prekol offlane zeusa?,,2,[Team0][Player2]: a v chem prekol offlane zeusa?,27
2467,xz )0)0,,8,[Team1][Player3]: xz )0)0,27
2468,ymirat' hochet chasto,,8,[Team1][Player3]: ymirat' hochet chasto,27
2469,a v chem prikol translita?,,8,[Team1][Player3]: a v chem prikol translita?,27
2470,ya zhivu v dubayah tut net ru klavi,,2,[Team0][Player2]: ya zhivu v dubayah tut net ru klavi,27
2471,GO ROSHANA POKA ONI NE VIDYAT,,7,[Team1][Player2]: GO ROSHANA POKA ONI NE VIDYAT,27
2472,OY,,7,[Team1][Player2]: OY,27
2473,XD,,8,[Team1][Player3]: XD,27
2474,OY,,1,[Team0][Player1]: OY,27
2475,ебать ты смешной,,3,[Team0][Player3]: ебать ты смешной,27
2476,АХАХАХАХАХАХ,,3,[Team0][Player3]: АХАХАХАХАХАХ,27
2477,YJE NE POIDEM (go),,8,[Team1][Player3]: YJE NE POIDEM (go),27
2478,vashimi herychami tok roshu zabirat,,2,[Team0][Player2]: vashimi herychami tok roshu zabirat,27
2479,АХАХАХАХААХАХХА,,3,[Team0][Player3]: АХАХАХАХААХАХХА,27
2480,HJ@H@HH@H@H@H@H@H@,,7,[Team1][Player2]: HJ@H@HH@H@H@H@H@H@,27
2481,МНОГО ФЛАСОК И РОША НАШ,,8,[Team1][Player3]: МНОГО ФЛАСОК И РОША НАШ,27
2482,СПОРИМ?))))))))))),,8,[Team1][Player3]: СПОРИМ?))))))))))),27
2483,го купол на фонтан,,3,[Team0][Player3]: го купол на фонтан,27
2484,АХАХАХАХАХА,,3,[Team0][Player3]: АХАХАХАХАХА,27
2485,АХАХАХАХАХАХАХ,,3,[Team0][Player3]: АХАХАХАХАХАХАХ,27
2486,H@H@H@H@H@H@H@,,7,[Team1][Player2]: H@H@H@H@H@H@H@,27
2487,ГО ФОНТАН НА КУПОЛ,,8,[Team1][Player3]: ГО ФОНТАН НА КУПОЛ,27
2488,X@X@X@X@X@,,8,[Team1][Player3]: X@X@X@X@X@,27
2489,ЗЕВС УЛЬТ,,3,[Team0][Player3]: ЗЕВС УЛЬТ,27
2490,АХАХАХАХАХ,,3,[Team0][Player3]: АХАХАХАХАХ,27
2491,АХАХАХАХАХ,,3,[Team0][Player3]: АХАХАХАХАХ,27
2492,НЕ СМОЖЕТ Я УЛЬТАНУЛ УЖЕ,,8,[Team1][Player3]: НЕ СМОЖЕТ Я УЛЬТАНУЛ УЖЕ,27
2493,ZUS YMRESH PERVIY,,7,[Team1][Player2]: ZUS YMRESH PERVIY,27
2494,STOY POD T2,,7,[Team1][Player2]: STOY POD T2,27
2495,ХАХАХАХАХАХ СМЕШНО ПИЗДЕЦ АХАХХАХАХАХА ЩА СОСЕДУ РАССКАЖУ,,8,[Team1][Player3]: ХАХАХАХАХАХ СМЕШНО ПИЗДЕЦ АХАХХАХАХАХА ЩА СОСЕДУ РАССКАЖУ,27
2496,c утреца на юморок потянуло,,1,[Team0][Player1]: c утреца на юморок потянуло,27
2497,ТОЖЕ ПОСМЕЕТЬСЯ И БУДЕТ РЖАТЬ,,8,[Team1][Player3]: ТОЖЕ ПОСМЕЕТЬСЯ И БУДЕТ РЖАТЬ,27
2498,все 9 ахахахха,,3,[Team0][Player3]: все 9 ахахахха,27
2499,АХАХАХАХАХА,,3,[Team0][Player3]: АХАХАХАХАХА,27
2500,OTSTAVIT PAUSU,,7,[Team1][Player2]: OTSTAVIT PAUSU,27
2501,убер ты случаем не из новосибирска?,,8,[Team1][Player3]: убер ты случаем не из новосибирска?,27
2502,нтк убер ахахахахахах,,3,[Team0][Player3]: нтк убер ахахахахахах,27
2503,TY <3,,0,[Team0][Player0]: TY <3,27
2504,А то чувствую отморозили тебе весь юмор,,8,[Team1][Player3]: А то чувствую отморозили тебе весь юмор,27
2505,АХХАХАХАХАХА,,8,[Team1][Player3]: АХХАХАХАХАХА,27
2506,YA JDAL VOID,,7,[Team1][Player2]: YA JDAL VOID,27
2507,ахахахаха,,3,[Team0][Player3]: ахахахаха,27
2508,ha?,,0,[Team0][Player0]: ha?,27
2509,хватит плиз,,3,[Team0][Player3]: хватит плиз,27
2510,АХАХАХХА,,3,[Team0][Player3]: АХАХАХХА,27
2511,what a fucking russian dogs :),x,0,[Team0][Player0]: what a fucking russian dogs :),27
2512,ХА ХА ХА У ИНВОКЕРА МАТЬ МЕРТВА,x,8,[Team1][Player3]: ХА ХА ХА У ИНВОКЕРА МАТЬ МЕРТВА,27
2513,AHAHAHHA,,7,[Team1][Player2]: AHAHAHHA,27
2514,на сука по двоим,,3,[Team0][Player3]: на сука по двоим,27
2515,Слышь в мать закинь сан страйк,,8,[Team1][Player3]: Слышь в мать закинь сан страйк,27
2516,VOID NE ZNAET,,7,[Team1][Player2]: VOID NE ZNAET,27
2517,твоя мать моя мать,,3,[Team0][Player3]: твоя мать моя мать,27
2518,брат,,3,[Team0][Player3]: брат,27
2519,CHTO YA GOVORY,,7,[Team1][Player2]: CHTO YA GOVORY,27
2520,го инцест,,3,[Team0][Player3]: го инцест,27
2521,ahahha,,9,[Team1][Player4]: ahahha,27
2522,А это же против тебя я на дк должен был стоять,,8,[Team1][Player3]: А это же против тебя я на дк должен был стоять,27
2523,Сан страйкер),,8,[Team1][Player3]: Сан страйкер),27
2524,"теперь я сало а ты инво, а то тогда ливнули все)",,8,"[Team1][Player3]: теперь я сало а ты инво, а то тогда ливнули все)",27
2525,кайф,,3,[Team0][Player3]: кайф,27
2526,1 min,,0,[Team0][Player0]: 1 min,27
2527,lul,,0,[Team0][Player0]: lul,27
2528,commend void,,2,[Team0][Player2]: commend void,27
2529,GG,,3,[Team0][Player3]: GG,27
2530,void top,,3,[Team0][Player3]: void top,27
2531,против ам пацан пофармил зато,,3,[Team0][Player3]: против ам пацан пофармил зато,27
2532,изи,,8,[Team1][Player3]: изи,27
2533,gg,,6,[Team1][Player1]: gg,27
2534,изи,,8,[Team1][Player3]: изи,27
2535,Изи инво,,8,[Team1][Player3]: Изи инво,27
2536,_,,3,[Team0][Player3]: _,27
2537,+,,3,[Team0][Player3]: +,27
2538,lucky bear!,,7,[Team1][Player2]: lucky bear!,34
2539,LOL,,2,[Team0][Player2]: LOL,34
2540,:P,,7,[Team1][Player2]: :P,34
2541,tx for the free lane snipe,,7,[Team1][Player2]: tx for the free lane snipe,34
2542,:P,,7,[Team1][Player2]: :P,34
2543,Chrono for one?,,7,[Team1][Player2]: Chrono for one?,34
2544,and death,,7,[Team1][Player2]: and death,34
2545,:(,,7,[Team1][Player2]: :(,34
2546,ouch,,7,[Team1][Player2]: ouch,34
2547,gg,,7,[Team1][Player2]: gg,34
2548,YEAHH,,2,[Team0][Player2]: YEAHH,34
2549,tx sniper,,7,[Team1][Player2]: tx sniper,34
2550,GG,,2,[Team0][Player2]: GG,34
2551,gg,,3,[Team0][Player3]: gg,34
2552,gg,,3,[Team0][Player3]: gg,34
2553,gg,,0,[Team0][Player0]: gg,34
2554,can you finish fast,,4,[Team0][Player4]: can you finish fast,2
2555,бля квопа,,7,[Team1][Player2]: бля квопа,2
2556,умираешь(,,7,[Team1][Player2]: умираешь(,2
2557,не достану,,5,[Team1][Player0]: не достану,2
2558,ff,,4,[Team0][Player4]: ff,2
2559,reprot veng,,2,[Team0][Player2]: reprot veng,2
2560,plz,,2,[Team0][Player2]: plz,2
2561,finish mid,,4,[Team0][Player4]: finish mid,2
2562,wp,,0,[Team0][Player0]: wp,2
2563,uu,,8,[Team1][Player3]: uu,2
2564,GG,,8,[Team1][Player3]: GG,2
2565,EZ,,8,[Team1][Player3]: EZ,2
2566,_I_,,2,[Team0][Player2]: _I_,2
2567,слабый,,5,[Team1][Player0]: слабый,50
2568,сорь не успел нажать на тебя,,0,[Team0][Player0]: сорь не успел нажать на тебя,50
2569,блять морта 2 кнопачная что ты сука на меня все,,8,[Team1][Player3]: блять морта 2 кнопачная что ты сука на меня все,50
2570,на цм бм ахах,,3,[Team0][Player3]: на цм бм ахах,50
2571,камбек,,3,[Team0][Player3]: камбек,50
2572,ГГ,,9,[Team1][Player4]: ГГ,50
2573,изи,,5,[Team1][Player0]: изи,50
2574,изи лейты,,5,[Team1][Player0]: изи лейты,50
2575,MI AFK,,9,[Team1][Player4]: MI AFK,79
2576,VSTANEM,,9,[Team1][Player4]: VSTANEM,79
2577,tochno?>,,1,[Team0][Player1]: tochno?>,79
2578,DA,,9,[Team1][Player4]: DA,79
2579,YA SHAMAN ARC,,9,[Team1][Player4]: YA SHAMAN ARC,79
2580,V TRON IDITE,,9,[Team1][Player4]: V TRON IDITE,79
2581,NU YA TOHCNO,,9,[Team1][Player4]: NU YA TOHCNO,79
2582,AFK,,9,[Team1][Player4]: AFK,79
2583,kk,,1,[Team0][Player1]: kk,79
2584,PUSH,,9,[Team1][Player4]: PUSH,79
2585,?,,9,[Team1][Player4]: ?,79
2586,ILI POD FONTATN,,9,[Team1][Player4]: ILI POD FONTATN,79
2587,gg,,3,[Team0][Player3]: gg,79
2588,CHEREZ BKB,,9,[Team1][Player4]: CHEREZ BKB,79
2589,SAT NE RABOTAET,,9,[Team1][Player4]: SAT NE RABOTAET,79
2590,DAUN,,9,[Team1][Player4]: DAUN,79
2591,17,,0,[Team0][Player0]: 17,79
2592,),,1,[Team0][Player1]: ),79
2593,МИНУТА,,0,[Team0][Player0]: МИНУТА,79
2594,ХАХАХАХАХА,,0,[Team0][Player0]: ХАХАХАХАХА,79
2595,я не дотянулся придурок,,3,[Team0][Player3]: я не дотянулся придурок,79
2596,PRIKOL JE,,9,[Team1][Player4]: PRIKOL JE,79
2597,zaparil,,9,[Team1][Player4]: zaparil,79
2598,),,1,[Team0][Player1]: ),79
2599,psuhite,,9,[Team1][Player4]: psuhite,79
2600,пл сходи мид снеси,,6,[Team1][Player1]: пл сходи мид снеси,79
2601,DA NAHUI TI DEFAESH,,1,[Team0][Player1]: DA NAHUI TI DEFAESH,79
2602,sf suka,,9,[Team1][Player4]: sf suka,79
2603,ARC,,1,[Team0][Player1]: ARC,79
2604,там трон голый,,6,[Team1][Player1]: там трон голый,79
2605,SUKA,,1,[Team0][Player1]: SUKA,79
2606,TI EBLAN?,,1,[Team0][Player1]: TI EBLAN?,79
2607,comeback,,1,[Team0][Player1]: comeback,79
2608,cheli?,,1,[Team0][Player1]: cheli?,79
2609,A ne,,1,[Team0][Player1]: A ne,79
2610,pokazalos',,1,[Team0][Player1]: pokazalos',79
2611,GG,,4,[Team0][Player4]: GG,79
2612,откуда,,7,[Team1][Player2]: откуда,56
2613,шлюха,x,7,[Team1][Player2]: шлюха,56
2614,у тебя 13,,7,[Team1][Player2]: у тебя 13,56
2615,читеро,,2,[Team0][Player2]: читеро,56
2616,,,2,[Team0][Player2]: ,56
2617,скок у вас пати?,,6,[Team1][Player1]: скок у вас пати?,56
2618,я и он,,2,[Team0][Player2]: я и он,56
2619,2800,,3,[Team0][Player3]: 2800,56
2620,2975,,7,[Team1][Player2]: 2975,56
2621,урод,x,7,[Team1][Player2]: урод,56
2622,что 2800,,6,[Team1][Player1]: что 2800,56
2623,дай 3к,,7,[Team1][Player2]: дай 3к,56
2624,1488,,2,[Team0][Player2]: 1488,56
2625,ММР,,3,[Team0][Player3]: ММР,56
2626,как же ты диз заебал,,6,[Team1][Player1]: как же ты диз заебал,56
2627,целую игру,,6,[Team1][Player1]: целую игру,56
2628,меня пиздил,,6,[Team1][Player1]: меня пиздил,56
2629,gg,,5,[Team1][Player0]: gg,56
2630,gg,,0,[Team0][Player0]: gg,56
2631,GG,,4,[Team0][Player4]: GG,56
2632,грех имбицилов не пиздить,x,9,[Team1][Player4]: грех имбицилов не пиздить,56
2633,изи,,2,[Team0][Player2]: изи,56
2634,harder pls,,0,[Team0][Player0]: harder pls,35
2635,fucking 4k dog,,0,[Team0][Player0]: fucking 4k dog,35
2636,0k dog,,9,[Team1][Player4]: 0k dog,35
2637,:DDD,,0,[Team0][Player0]: :DDD,35
2638,retard,x,0,[Team0][Player0]: retard,35
2639,losing double mid,,0,[Team0][Player0]: losing double mid,35
2640,:DD,,0,[Team0][Player0]: :DD,35
2641,animal,,0,[Team0][Player0]: animal,35
2642,run lil bitch,x,9,[Team1][Player4]: run lil bitch,35
2643,haha,,0,[Team0][Player0]: haha,35
2644,lsoer,,0,[Team0][Player0]: lsoer,35
2645,dog,,0,[Team0][Player0]: dog,35
2646,don't wait dogs,,2,[Team0][Player2]: don't wait dogs,35
2647,loser retard,x,0,[Team0][Player0]: loser retard,35
2648,?,,0,[Team0][Player0]: ?,35
2649,animal,,0,[Team0][Player0]: animal,35
2650,fucking play,,3,[Team0][Player3]: fucking play,35
2651,clinkz u remember me,,2,[Team0][Player2]: clinkz u remember me,35
2652,?,,2,[Team0][Player2]: ?,35
2653,??,,2,[Team0][Player2]: ??,35
2654,nope,,6,[Team1][Player1]: nope,35
2655,hey tinke,,0,[Team0][Player0]: hey tinke,35
2656,we played same matchu,,2,[Team0][Player2]: we played same matchu,35
2657,where are u retard,x,0,[Team0][Player0]: where are u retard,35
2658,don't play dota if ur country cannot give u proper internet,,3,[Team0][Player3]: don't play dota if ur country cannot give u proper internet,35
2659,we won?,,6,[Team1][Player1]: we won?,35
2660,i played dusa,,2,[Team0][Player2]: i played dusa,35
2661,u played clinkz,,2,[Team0][Player2]: u played clinkz,35
2662,u lost,,2,[Team0][Player2]: u lost,35
2663,"sorry ,i dont speak 3k",,9,"[Team1][Player4]: sorry ,i dont speak 3k",35
2664,call ur dady,,0,[Team0][Player0]: call ur dady,35
2665,okey,,0,[Team0][Player0]: okey,35
2666,another dog,,0,[Team0][Player0]: another dog,35
2667,wants to kill me,,0,[Team0][Player0]: wants to kill me,35
2668,Ez,,9,[Team1][Player4]: Ez,35
2669,dont play dota,x,9,[Team1][Player4]: dont play dota,35
2670,dog stfu,x,2,[Team0][Player2]: dog stfu,35
2671,if ur country cant give u proper internet,x,9,[Team1][Player4]: if ur country cant give u proper internet,35
2672,pls,,2,[Team0][Player2]: pls,35
2673,tinker u are so pathetic,,0,[Team0][Player0]: tinker u are so pathetic,35
2674,seriosly,,0,[Team0][Player0]: seriosly,35
2675,lowskilled,,0,[Team0][Player0]: lowskilled,35
2676,dog pls,,2,[Team0][Player2]: dog pls,35
2677,don't speak,,2,[Team0][Player2]: don't speak,35
2678,u got destryoed in lane,,2,[Team0][Player2]: u got destryoed in lane,35
2679,where uhad,,2,[Team0][Player2]: where uhad,35
2680,ROFL,,9,[Team1][Player4]: ROFL,35
2681,3 heroes,,2,[Team0][Player2]: 3 heroes,35
2682,helping you,,2,[Team0][Player2]: helping you,35
2683,i got destroyed dsdgfa,,9,[Team1][Player4]: i got destroyed dsdgfa,35
2684,i raped ur ass retard,x,0,[Team0][Player0]: i raped ur ass retard,35
2685,lil bitch,x,9,[Team1][Player4]: lil bitch,35
2686,:dddd,,0,[Team0][Player0]: :dddd,35
2687,RETARD,x,0,[Team0][Player0]: RETARD,35
2688,MY ES STAY BEHIND WITH ECHO,,0,[Team0][Player0]: MY ES STAY BEHIND WITH ECHO,35
2689,keep crying,x,9,[Team1][Player4]: keep crying,35
2690,bitch?,,0,[Team0][Player0]: bitch?,35
2691,lol u cant even time ur razes with euls 1k dog,,9,[Team1][Player4]: lol u cant even time ur razes with euls 1k dog,35
2692,hahahah,,0,[Team0][Player0]: hahahah,35
2693,why u cry now?,,0,[Team0][Player0]: why u cry now?,35
2694,loser,,0,[Team0][Player0]: loser,35
2695,ur the one crying since the beginning rofl,,9,[Team1][Player4]: ur the one crying since the beginning rofl,35
2696,u are loser,,0,[Team0][Player0]: u are loser,35
2697,dogs squad,,0,[Team0][Player0]: dogs squad,35
2698,XD,,1,[Team0][Player1]: XD,35
2699,gl next bois,,6,[Team1][Player1]: gl next bois,35
2700,Xd,,0,[Team0][Player0]: Xd,35
2701,dog,,2,[Team0][Player2]: dog,35
2702,clinkz,,2,[Team0][Player2]: clinkz,35
2703,never learn,,2,[Team0][Player2]: never learn,35
2704,?,,6,[Team1][Player1]: ?,35
2705,i beat ez so many dusa,,6,[Team1][Player1]: i beat ez so many dusa,35
2706,u was just lucky i think i cannot remember,,6,[Team1][Player1]: u was just lucky i think i cannot remember,35
2707,which one,,6,[Team1][Player1]: which one,35
2708,if can u push fast,,6,[Team1][Player1]: if can u push fast,35
2709,i can afk,,6,[Team1][Player1]: i can afk,35
2710,rly ?,,3,[Team0][Player3]: rly ?,35
2711,Where is my little bitch,x,0,[Team0][Player0]: Where is my little bitch,35
2712,dont go roshan,,6,[Team1][Player1]: dont go roshan,35
2713,cmon,,6,[Team1][Player1]: cmon,35
2714,go mid,,6,[Team1][Player1]: go mid,35
2715,dog stay,,2,[Team0][Player2]: dog stay,35
2716,in cage,,2,[Team0][Player2]: in cage,35
2717,i afk,,6,[Team1][Player1]: i afk,35
2718,go push pls,,6,[Team1][Player1]: go push pls,35
2719,nice dog,,2,[Team0][Player2]: nice dog,35
2720,cmon man,,6,[Team1][Player1]: cmon man,35
2721,gonna buy u a coockie,,2,[Team0][Player2]: gonna buy u a coockie,35
2722,ez mid 1v3 btw,,0,[Team0][Player0]: ez mid 1v3 btw,35
2723,cookie,,2,[Team0][Player2]: cookie,35
2724,yeah,,6,[Team1][Player1]: yeah,35
2725,"dusa, es and sf won you the game",,5,"[Team1][Player0]: dusa, es and sf won you the game",35
2726,ez mid,,6,[Team1][Player1]: ez mid,35
2727,sf won,,6,[Team1][Player1]: sf won,35
2728,lol sure 1k dog,,9,[Team1][Player4]: lol sure 1k dog,35
2729,mid,,6,[Team1][Player1]: mid,35
2730,ez,,6,[Team1][Player1]: ez,35
2731,yup,,3,[Team0][Player3]: yup,35
2732,tinker 17 min,,6,[Team1][Player1]: tinker 17 min,35
2733,travel,,6,[Team1][Player1]: travel,35
2734,:D,,6,[Team1][Player1]: :D,35
2735,he is loser,,0,[Team0][Player0]: he is loser,35
2736,he steal,,6,[Team1][Player1]: he steal,35
2737,my lane,,6,[Team1][Player1]: my lane,35
2738,on middle,,6,[Team1][Player1]: on middle,35
2739,sny bh,,5,[Team1][Player0]: sny bh,35
2740,man,,6,[Team1][Player1]: man,35
2741,dont push?,,6,[Team1][Player1]: dont push?,35
2742,Xd,,0,[Team0][Player0]: Xd,35
2743,tinker saying,,6,[Team1][Player1]: tinker saying,35
2744,im top 400,,6,[Team1][Player1]: im top 400,35
2745,tinker,,6,[Team1][Player1]: tinker,35
2746,:D:D,,6,[Team1][Player1]: :D:D,35
2747,alksjdlaskdjsa,,6,[Team1][Player1]: alksjdlaskdjsa,35
2748,so?,,0,[Team0][Player0]: so?,35
2749,im top 70,,0,[Team0][Player0]: im top 70,35
2750,top 400,,2,[Team0][Player2]: top 400,35
2751,my dick,,2,[Team0][Player2]: my dick,35
2752,:D:D,,6,[Team1][Player1]: :D:D,35
2753,17 min travel,,6,[Team1][Player1]: 17 min travel,35
2754,top 400,,6,[Team1][Player1]: top 400,35
2755,lul,,3,[Team0][Player3]: lul,35
2756,tinker is 3k dog,,0,[Team0][Player0]: tinker is 3k dog,35
2757,wp bois,,6,[Team1][Player1]: wp bois,35
2758,gl next,,6,[Team1][Player1]: gl next,35
2759,jakiro,,6,[Team1][Player1]: jakiro,35
2760,sorry for kiling,,6,[Team1][Player1]: sorry for kiling,35
2761,u,,6,[Team1][Player1]: u,35
2762,:D,,6,[Team1][Player1]: :D,35
2763,np,,3,[Team0][Player3]: np,35
2764,dogs will learn,,2,[Team0][Player2]: dogs will learn,35
2765,some day,,2,[Team0][Player2]: some day,35
2766,bitch?,,0,[Team0][Player0]: bitch?,35
2767,nice bb,,2,[Team0][Player2]: nice bb,35
2768,hahaha,,0,[Team0][Player0]: hahaha,35
2769,lol u arent shit sf,,9,[Team1][Player4]: lol u arent shit sf,35
2770,u changed the game,,2,[Team0][Player2]: u changed the game,35
2771,+,,5,[Team1][Player0]: +,35
2772,so bad,,0,[Team0][Player0]: so bad,35
2773,Fucktard,x,0,[Team0][Player0]: Fucktard,35
2774,wat,,5,[Team1][Player0]: wat,87
2775,la pa esta en rosh,,4,[Team0][Player4]: la pa esta en rosh,87
2776,easiest mid of my life,,5,[Team1][Player0]: easiest mid of my life,87
2777,tactica,,1,[Team0][Player1]: tactica,87
2778,sf mid feed,,1,[Team0][Player1]: sf mid feed,87
2779,xD,,1,[Team0][Player1]: xD,87
2780,gg wp,,9,[Team1][Player4]: gg wp,87
2781,REPORT NOOBS,,3,[Team0][Player3]: REPORT NOOBS,87
2782,TAKE IT EASY BROS,,2,[Team0][Player2]: TAKE IT EASY BROS,4
2783,Aw,,1,[Team0][Player1]: Aw,4
2784,sad injoker,,9,[Team1][Player4]: sad injoker,4
2785,yeah,,1,[Team0][Player1]: yeah,4
2786,try to play haha,,9,[Team1][Player4]: try to play haha,4
2787,what im doing ?,,1,[Team0][Player1]: what im doing ?,4
2788,then i dance?,,1,[Team0][Player1]: then i dance?,4
2789,but  slow farm,,9,[Team1][Player4]: but  slow farm,4
2790,?,,1,[Team0][Player1]: ?,4
2791,sumiya not midust,,9,[Team1][Player4]: sumiya not midust,4
2792,atleast im not fail mid,,1,[Team0][Player1]: atleast im not fail mid,4
2793,hello bot,,9,[Team1][Player4]: hello bot,4
2794,WP,,8,[Team1][Player3]: WP,4
2795,pa kill me,,9,[Team1][Player4]: pa kill me,4
2796,hello bot,,9,[Team1][Player4]: hello bot,4
2797,combo hahah,,9,[Team1][Player4]: combo hahah,4
2798,WP,,8,[Team1][Player3]: WP,4
2799,so fucking noob,x,9,[Team1][Player4]: so fucking noob,4
2800,just tt noob,,1,[Team0][Player1]: just tt noob,4
2801,i dont care,,1,[Team0][Player1]: i dont care,4
2802,yeah,,9,[Team1][Player4]: yeah,4
2803,fml,,7,[Team1][Player2]: fml,66
2804,una anal por asco,,4,[Team0][Player4]: una anal por asco,66
2805,te dije,,4,[Team0][Player4]: te dije,66
2806,es gorod no srive,,4,[Team0][Player4]: es gorod no srive,66
2807,LC BOSQUE,,1,[Team0][Player1]: LC BOSQUE,66
2808,XD,,1,[Team0][Player1]: XD,66
2809,gordo verga aprende a rogmi,,4,[Team0][Player4]: gordo verga aprende a rogmi,66
2810,EN QUE VERSION ESYTAS ?,,1,[Team0][Player1]: EN QUE VERSION ESYTAS ?,66
2811,2.5 ?,,1,[Team0][Player1]: 2.5 ?,66
2812,Xd,,1,[Team0][Player1]: Xd,66
2813,bueno al menso,,4,[Team0][Player4]: bueno al menso,66
2814,2hp,,5,[Team1][Player0]: 2hp,66
2815,o nice,,5,[Team1][Player0]: o nice,66
2816,MID CACA,,1,[Team0][Player1]: MID CACA,66
2817,SIGUE EN MI,,1,[Team0][Player1]: SIGUE EN MI,66
2818,....,,1,[Team0][Player1]: ....,66
2819,MID .,,1,[Team0][Player1]: MID .,66
2820,TRISTE INUTIL,,1,[Team0][Player1]: TRISTE INUTIL,66
2821,ez baitz,,8,[Team1][Player3]: ez baitz,66
2822,verga,,4,[Team0][Player4]: verga,66
2823,gg,,4,[Team0][Player4]: gg,66
2824,mis saca heuvas,,4,[Team0][Player4]: mis saca heuvas,66
2825,casale,,4,[Team0][Player4]: casale,66
2826,que asco no peude car a un enao,,4,[Team0][Player4]: que asco no peude car a un enao,66
2827,anyone hiring engineers?,,8,[Team1][Player3]: anyone hiring engineers?,66
2828,report sf,,3,[Team0][Player3]: report sf,66
2829,rpeort pudge,,3,[Team0][Player3]: rpeort pudge,66
2830,o captain my captian,,5,[Team1][Player0]: o captain my captian,66
2831,captain dont worry about buying a spare mast,,5,[Team1][Player0]: captain dont worry about buying a spare mast,66
2832,cause im so fking hard,,5,[Team1][Player0]: cause im so fking hard,66
2833,we can use mah cok,,5,[Team1][Player0]: we can use mah cok,66
2834,wow,,7,[Team1][Player2]: wow,66
2835,janco likes poetry lol,,5,[Team1][Player0]: janco likes poetry lol,66
2836,just trying to keep the troops happy,,5,[Team1][Player0]: just trying to keep the troops happy,66
2837,that was so beautiful,,7,[Team1][Player2]: that was so beautiful,66
2838,gg,,3,[Team0][Player3]: gg,66
2839,get some son,,5,[Team1][Player0]: get some son,66
2840,gg,,4,[Team0][Player4]: gg,66
2841,vgg,,8,[Team1][Player3]: vgg,66
2842,viva peru,,8,[Team1][Player3]: viva peru,66
2843,gg report sf and pudge,,3,[Team0][Player3]: gg report sf and pudge,66
2844,gg no asm,,4,[Team0][Player4]: gg no asm,66
2845,,,5,[Team1][Player0]: ,66
2846,que asco pro dios,,4,[Team0][Player4]: que asco pro dios,66
2847,shadow no ase nada de ñao,,4,[Team0][Player4]: shadow no ase nada de ñao,66
2848,ni matar peude con su eul,,4,[Team0][Player4]: ni matar peude con su eul,66
2849,gg no mas,,4,[Team0][Player4]: gg no mas,66
2850,eso no pedue asr,,4,[Team0][Player4]: eso no pedue asr,66
2851,solo amtar a un enao no peudeo,,4,[Team0][Player4]: solo amtar a un enao no peudeo,66
2852,gaga,,4,[Team0][Player4]: gaga,66
2853,VENGE GO,,5,[Team1][Player0]: VENGE GO,66
2854,GIVE IT,,5,[Team1][Player0]: GIVE IT,66
2855,REPORT SF AND PUDGE,,3,[Team0][Player3]: REPORT SF AND PUDGE,66
2856,be a bro,,8,[Team1][Player3]: be a bro,66
2857,buyback to not feed rampage?,,5,[Team1][Player0]: buyback to not feed rampage?,66
2858,lame,,5,[Team1][Player0]: lame,66
2859,way too late,,5,[Team1][Player0]: way too late,66
2860,sad/,,7,[Team1][Player2]: sad/,66
2861,u nerd,,5,[Team1][Player0]: u nerd,66
2862,leave my baby alone,,7,[Team1][Player2]: leave my baby alone,66
2863,holy fuck i got 35 assists,,7,[Team1][Player2]: holy fuck i got 35 assists,66
2864,fucking yall up,,7,[Team1][Player2]: fucking yall up,66
2865,,,5,[Team1][Player0]: ,66
2866,lame.,,5,[Team1][Player0]: lame.,66
2867,slark been working on basher for 10 minutes lol ,,5,[Team1][Player0]: slark been working on basher for 10 minutes lol ,66
2868,w0rth?,,5,[Team1][Player0]: w0rth?,66
2869,jaja,,4,[Team0][Player4]: jaja,66
2870,lol,,7,[Team1][Player2]: lol,66
2871,si uviera cojido centaruo le uvieramso ganado pero coje le vega la hiaj de puta,,4,[Team0][Player4]: si uviera cojido centaruo le uvieramso ganado pero coje le vega la hiaj de puta,66
2872,sf se arma cuando ya esta armado el spectre,,4,[Team0][Player4]: sf se arma cuando ya esta armado el spectre,66
2873,no tiene mucho,,7,[Team1][Player2]: no tiene mucho,66
2874,REPORT PUDGE,,3,[Team0][Player3]: REPORT PUDGE,66
2875,jajja manco mi sf una mierda,,4,[Team0][Player4]: jajja manco mi sf una mierda,66
2876,pUDGE PEOR,,3,[Team0][Player3]: pUDGE PEOR,66
2877,y ya vieron como murio el lc todo un pro :D,,2,[Team0][Player2]: y ya vieron como murio el lc todo un pro :D,66
2878,calro soy el unico k el mata al enano ya q vos no puedes,,4,[Team0][Player4]: calro soy el unico k el mata al enano ya q vos no puedes,66
2879,GG END FAST,,3,[Team0][Player3]: GG END FAST,66
2880,gg,,5,[Team1][Player0]: gg,66
2881,gg,,8,[Team1][Player3]: gg,66
2882,i was on the phone for most of the game,,8,[Team1][Player3]: i was on the phone for most of the game,66
2883,eat bitches,,5,[Team1][Player0]: eat bitches,64
2884,hha,,8,[Team1][Player3]: hha,64
2885,idiot sk,,0,[Team0][Player0]: idiot sk,64
2886,:'(,,8,[Team1][Player3]: :'(,64
2887,nice dis,,8,[Team1][Player3]: nice dis,64
2888,idiot,,0,[Team0][Player0]: idiot,64
2889,wait,,4,[Team0][Player4]: wait,64
2890,party,,4,[Team0][Player4]: party,64
2891,idiot,,8,[Team1][Player3]: idiot,64
2892,yeah,,0,[Team0][Player0]: yeah,64
2893,HAhaha,,0,[Team0][Player0]: HAhaha,64
2894,and you also,,0,[Team0][Player0]: and you also,64
2895,hah,,8,[Team1][Player3]: hah,64
2896,haha,,4,[Team0][Player4]: haha,64
2897,fuck lc,,4,[Team0][Player4]: fuck lc,64
2898,trip,,4,[Team0][Player4]: trip,64
2899,i hate you jugg,,8,[Team1][Player3]: i hate you jugg,64
2900,haha jugg is noob,,4,[Team0][Player4]: haha jugg is noob,64
2901,but i love you,,0,[Team0][Player0]: but i love you,64
2902,gayt,,4,[Team0][Player4]: gayt,64
2903,idiot tinker,,0,[Team0][Player0]: idiot tinker,64
2904,ogn,,8,[Team1][Player3]: ogn,64
2905,omg,,8,[Team1][Player3]: omg,64
2906,i quit,,3,[Team0][Player3]: i quit,64
2907,go quit,,4,[Team0][Player4]: go quit,64
2908,SAD IDIOT SK AND TINKER,x,0,[Team0][Player0]: SAD IDIOT SK AND TINKER,64
2909,hAHA,,0,[Team0][Player0]: hAHA,64
2910,who is ur team tank,,6,[Team1][Player1]: who is ur team tank,64
2911,hahahah,,3,[Team0][Player3]: hahahah,64
2912,jug,,3,[Team0][Player3]: jug,64
2913,"he made sny, now he's making manta",,1,"[Team0][Player1]: he made sny, now he's making manta",64
2914,nice,,1,[Team0][Player1]: nice,64
2915,SAD,,6,[Team1][Player1]: SAD,64
2916,gege,,5,[Team1][Player0]: gege,64
2917,commend me,,8,[Team1][Player3]: commend me,64
2918,ez,,4,[Team0][Player4]: ez,64
2919,NOOB SK,,0,[Team0][Player0]: NOOB SK,64
2920,report jugg,,4,[Team0][Player4]: report jugg,64
2921,IDIOT,x,0,[Team0][Player0]: IDIOT,64
2922,gg,,9,[Team1][Player4]: gg,46
2923,gg,,9,[Team1][Player4]: gg,46
2924,go leave plz,,9,[Team1][Player4]: go leave plz,46
2925,he is coming,,7,[Team1][Player2]: he is coming,46
2926,pls pause for invo,,7,[Team1][Player2]: pls pause for invo,46
2927,1 min,,7,[Team1][Player2]: 1 min,46
2928,restarting router,,7,[Team1][Player2]: restarting router,46
2929,cgc,,6,[Team1][Player1]: cgc,46
2930,sps,,6,[Team1][Player1]: sps,46
2931,|sec,,9,[Team1][Player4]: |sec,46
2932,wc,,9,[Team1][Player4]: wc,46
2933,wc,,9,[Team1][Player4]: wc,46
2934,plz,,9,[Team1][Player4]: plz,46
2935,:D,,9,[Team1][Player4]: :D,46
2936,ty,,2,[Team0][Player2]: ty,8
2937,this pugna,,9,[Team1][Player4]: this pugna,8
2938,is a fukin troll,,9,[Team1][Player4]: is a fukin troll,8
2939,in ranked,,9,[Team1][Player4]: in ranked,8
2940,such nolifer,,9,[Team1][Player4]: such nolifer,8
2941,Fuck u pugna,x,9,[Team1][Player4]: Fuck u pugna,8
2942,report all pugna please,,9,[Team1][Player4]: report all pugna please,8
2943,hope 1 month ban,,9,[Team1][Player4]: hope 1 month ban,8
2944,pugna is retarded,x,9,[Team1][Player4]: pugna is retarded,8
2945,ff pls,,9,[Team1][Player4]: ff pls,8
2946,Gg,,5,[Team1][Player0]: Gg,8
2947,0-20,,5,[Team1][Player0]: 0-20,8
2948,gg,,5,[Team1][Player0]: gg,8
2949,wow,,1,[Team0][Player1]: wow,8
2950,idk how we won this,,1,[Team0][Player1]: idk how we won this,8
2951,he dont know,,0,[Team0][Player0]: he dont know,8
2952,see pugna items,,9,[Team1][Player4]: see pugna items,8
2953,no idea either,,2,[Team0][Player2]: no idea either,8
2954,viper 4-7 ;D,,0,[Team0][Player0]: viper 4-7 ;D,8
2955,such shitty 'support',x,2,[Team0][Player2]: such shitty 'support',8
2956,ds afk,,8,[Team1][Player3]: ds afk,54
2957,perae,,8,[Team1][Player3]: perae,54
2958,na moral,,8,[Team1][Player3]: na moral,54
2959,ah se fude,,1,[Team0][Player1]: ah se fude,54
2960,boa shaman,,8,[Team1][Player3]: boa shaman,54
2961,hmm,,8,[Team1][Player3]: hmm,54
2962,q q vai acontece no bot será em,,8,[Team1][Player3]: q q vai acontece no bot será em,54
2963,a hora q o cara caiu,,3,[Team0][Player3]: a hora q o cara caiu,54
2964,descubra no próximo episódio,,8,[Team1][Player3]: descubra no próximo episódio,54
2965,eta pinto mole em,,8,[Team1][Player3]: eta pinto mole em,54
2966,on no dota,,1,[Team0][Player1]: on no dota,54
2967,cala boca,,8,[Team1][Player3]: cala boca,54
2968,mutei vc amiguinho,,1,[Team0][Player1]: mutei vc amiguinho,54
2969,VISH,,8,[Team1][Player3]: VISH,54
2970,lek eh brabo,,8,[Team1][Player3]: lek eh brabo,54
2971,gg,,5,[Team1][Player0]: gg,54
2972,wp guys,,0,[Team0][Player0]: wp guys,54
2973,acabei finalmente esse boost lixo,,5,[Team1][Player0]: acabei finalmente esse boost lixo,54
2974,4k é 1 bracket podre,,5,[Team1][Player0]: 4k é 1 bracket podre,54
2975,booster desgraçado,,3,[Team0][Player3]: booster desgraçado,54
2976,xd,,5,[Team1][Player0]: xd,54
2977,heroi op do demonio,,3,[Team0][Player3]: heroi op do demonio,54
2978,acabei o boost agr,,5,[Team1][Player0]: acabei o boost agr,54
2979,se cair com esse dono da conta dnv,,5,[Team1][Player0]: se cair com esse dono da conta dnv,54
2980,kitem,,5,[Team1][Player0]: kitem,54
2981,pq ele era 2k,,5,[Team1][Player0]: pq ele era 2k,54
2982,coloquei 4k,,5,[Team1][Player0]: coloquei 4k,54
2983,dauhdasduhas,,5,[Team1][Player0]: dauhdasduhas,54
2984,#dica,,5,[Team1][Player0]: #dica,54
2985,vai da o cu,x,0,[Team0][Player0]: vai da o cu,54
2986,bosster maldito,,3,[Team0][Player3]: bosster maldito,54
2987,"Омник,как нервы?)",,4,"[Team0][Player4]: Омник,как нервы?)",53
2988,да,,6,[Team1][Player1]: да,53
2989,изи,,6,[Team1][Player1]: изи,53
2990,А теперь?),,4,[Team0][Player4]: А теперь?),53
2991,всё нормально,,6,[Team1][Player1]: всё нормально,53
2992,блин у вас тут так много стаков крипов больших,,8,[Team1][Player3]: блин у вас тут так много стаков крипов больших,53
2993,щяс забиру,,8,[Team1][Player3]: щяс забиру,53
2994,забирай,,2,[Team0][Player2]: забирай,53
2995,цк стаки соатвь,,9,[Team1][Player4]: цк стаки соатвь,53
2996,пожаулйста,,9,[Team1][Player4]: пожаулйста,53
2997,оставь,,9,[Team1][Player4]: оставь,53
2998,дк,,9,[Team1][Player4]: дк,53
2999,Рошана не забирайте сукены дети,,8,[Team1][Player3]: Рошана не забирайте сукены дети,53
3000,АЙ БАЛ ВАС РОВТ СУКИ ЕТО МОЙ НИК,,8,[Team1][Player3]: АЙ БАЛ ВАС РОВТ СУКИ ЕТО МОЙ НИК,53
3001,НЕ ХОДИ в лесу нашим пожалуста мне фарм нужин,,8,[Team1][Player3]: НЕ ХОДИ в лесу нашим пожалуста мне фарм нужин,53
3002,плюс,,9,[Team1][Player4]: плюс,53
3003,НА УЖИН,,8,[Team1][Player3]: НА УЖИН,53
3004,СОСАТ РАК,,8,[Team1][Player3]: СОСАТ РАК,53
3005,плюс,,9,[Team1][Player4]: плюс,53
3006,соснёшь ты уёба,,0,[Team0][Player0]: соснёшь ты уёба,53
3007,малчи рак,,9,[Team1][Player4]: малчи рак,53
3008,даун,,0,[Team0][Player0]: даун,53
3009,)),,0,[Team0][Player0]: )),53
3010,не мАлчу,,0,[Team0][Player0]: не мАлчу,53
3011,рофл,,6,[Team1][Player1]: рофл,53
3012,сасать,,0,[Team0][Player0]: сасать,53
3013,РЭПОРТ РАК,,8,[Team1][Player3]: РЭПОРТ РАК,53
3014,сосат,,8,[Team1][Player3]: сосат,53
3015,ТАК ВЫ ПРОЕБАЛИ ЖЕ,,8,[Team1][Player3]: ТАК ВЫ ПРОЕБАЛИ ЖЕ,53
3016,раки,,8,[Team1][Player3]: раки,53
3017,рак слили рака макака,,8,[Team1][Player3]: рак слили рака макака,53
3018,ЛОХ,,9,[Team1][Player4]: ЛОХ,53
3019,чмо,,8,[Team1][Player3]: чмо,53
3020,ты даун?)),,0,[Team0][Player0]: ты даун?)),53
3021,ДАВНО ИГРУ КУПИЛ?,,9,[Team1][Player4]: ДАВНО ИГРУ КУПИЛ?,53
3022,РАК,,8,[Team1][Player3]: РАК,53
3023,блин,,9,[Team1][Player4]: блин,53
3024,пачти,,9,[Team1][Player4]: пачти,53
3025,в рот вас,,0,[Team0][Player0]: в рот вас,53
3026,gg,,5,[Team1][Player0]: gg,53
3027,Твой рот наоборот,,4,[Team0][Player4]: Твой рот наоборот,53
3028,i understand mr ogre u need to tryhard sinceur in ancient games,,0,[Team0][Player0]: i understand mr ogre u need to tryhard sinceur in ancient games,67
3029,but this much?,,0,[Team0][Player0]: but this much?,67
3030,why does luna have a wand first item,,4,[Team0][Player4]: why does luna have a wand first item,67
3031,is that a thing vs LD,,4,[Team0][Player4]: is that a thing vs LD,67
3032,??,,4,[Team0][Player4]: ??,67
3033,take him back,,0,[Team0][Player0]: take him back,67
3034,dying from creeps,,0,[Team0][Player0]: dying from creeps,67
3035,nice,,5,[Team1][Player0]: nice,67
3036,sorry guys,,2,[Team0][Player2]: sorry guys,67
3037,gg,,2,[Team0][Player2]: gg,67
3038,You guys can leave now : /,,2,[Team0][Player2]: You guys can leave now : /,67
3039,No punishment,,2,[Team0][Player2]: No punishment,67
3040,report mnid,,5,[Team1][Player0]: report mnid,67
3041,не не не,,0,[Team0][Player0]: не не не,78
3042,най сетик виверна,,0,[Team0][Player0]: най сетик виверна,78
3043,найс,,0,[Team0][Player0]: найс,78
3044,хороший байт,,2,[Team0][Player2]: хороший байт,78
3045,всем спс за игру,,0,[Team0][Player0]: всем спс за игру,78
3046,davau v tro,,7,[Team1][Player2]: davau v tro,78
3047,n,,7,[Team1][Player2]: n,78
3048,kuda vi,,7,[Team1][Player2]: kuda vi,78
3049,фармить,,4,[Team0][Player4]: фармить,78
3050,через час придём,,4,[Team0][Player4]: через час придём,78
3051,ti voobshe ne prohodi,,7,[Team1][Player2]: ti voobshe ne prohodi,78
3052,что так,,4,[Team0][Player4]: что так,78
3053,"удачи в следующей, и пусть вам не попадется такая не благодарная кома",,6,"[Team1][Player1]: удачи в следующей, и пусть вам не попадется такая не благодарная кома",78
3054,я приду,,4,[Team0][Player4]: я приду,78
3055,гг,,1,[Team0][Player1]: гг,78
3056,hf,,1,[Team0][Player1]: hf,48
3057,дауг,,1,[Team0][Player1]: дауг,48
3058,изи,,1,[Team0][Player1]: изи,48
3059,report slark,,9,[Team1][Player4]: report slark,48
3060,ЕбАТЬ ТЫ ЛОХ,x,2,[Team0][Player2]: ЕбАТЬ ТЫ ЛОХ,48
3061,fu all,,6,[Team1][Player1]: fu all,48
3062,pkoljhmyusdPH L;a[],,4,[Team0][Player4]: pkoljhmyusdPH L;a[],48
3063,thought u are sandking,,4,[Team0][Player4]: thought u are sandking,48
3064,wtf,,4,[Team0][Player4]: wtf,48
3065,у тебя 2 слота,,1,[Team0][Player1]: у тебя 2 слота,48
3066,КУПИ ДАСТЫ,,1,[Team0][Player1]: КУПИ ДАСТЫ,48
3067,ХАХАХА,,1,[Team0][Player1]: ХАХАХА,48
3068,gg,,7,[Team1][Player2]: gg,48
3069,gg,,9,[Team1][Player4]: gg,48
3070,gg,,8,[Team1][Player3]: gg,48
3071,1 min pls,,8,[Team1][Player3]: 1 min pls,62
3072,кто?,,9,[Team1][Player4]: кто?,62
3073,ахахах,,9,[Team1][Player4]: ахахах,62
3074,уя,,7,[Team1][Player2]: уя,62
3075,ez,,7,[Team1][Player2]: ez,62
3076,Долбаеб,,0,[Team0][Player0]: Долбаеб,62
3077,тебе команда,,0,[Team0][Player0]: тебе команда,62
3078,вы такие донные,,9,[Team1][Player4]: вы такие донные,62
3079,выиграла,,0,[Team0][Player0]: выиграла,62
3080,и что команда,,9,[Team1][Player4]: и что команда,62
3081,АХах,,7,[Team1][Player2]: АХах,62
3082,это командная игра,,9,[Team1][Player4]: это командная игра,62
3083,а как мне команда то выиграла?,,7,[Team1][Player2]: а как мне команда то выиграла?,62
3084,или ты хочешь сказать что тебе не помогали?,,7,[Team1][Player2]: или ты хочешь сказать что тебе не помогали?,62
3085,в лесу,,0,[Team0][Player0]: в лесу,62
3086,в 5 ходили,,0,[Team0][Player0]: в 5 ходили,62
3087,вы,,0,[Team0][Player0]: вы,62
3088,долбаеб,,0,[Team0][Player0]: долбаеб,62
3089,нуи,,8,[Team1][Player3]: нуи,62
3090,ну,,7,[Team1][Player2]: ну,62
3091,в 5 лес заходили,,7,[Team1][Player2]: в 5 лес заходили,62
3092,ну,,9,[Team1][Player4]: ну,62
3093,потому что мы ж не дауны как вы,,7,[Team1][Player2]: потому что мы ж не дауны как вы,62
3094,gel la,,6,[Team1][Player1]: gel la,62
3095,rampage atcam,,6,[Team1][Player1]: rampage atcam,62
3096,гг,,9,[Team1][Player4]: гг,62
3097,гг,,9,[Team1][Player4]: гг,62
3098,гг,,8,[Team1][Player3]: гг,62
3099,изи,,9,[Team1][Player4]: изи,62
3100,не вспотел,,9,[Team1][Player4]: не вспотел,62
3101,ew,,5,[Team1][Player0]: ew,68
3102,LOL,,9,[Team1][Player4]: LOL,68
3103,HAHA CARRY,,9,[Team1][Player4]: HAHA CARRY,68
3104,HAHA,,9,[Team1][Player4]: HAHA,68
3105,haha,,0,[Team0][Player0]: haha,68
3106,wew,,5,[Team1][Player0]: wew,68
3107,HAHA,,9,[Team1][Player4]: HAHA,68
3108,We,,5,[Team1][Player0]: We,68
3109,ew,,5,[Team1][Player0]: ew,68
3110,MORE SPACE PLS,,9,[Team1][Player4]: MORE SPACE PLS,68
3111,HAHA CARRY,,9,[Team1][Player4]: HAHA CARRY,68
3112,wowo,,7,[Team1][Player2]: wowo,68
3113,manta dodge call,,7,[Team1][Player2]: manta dodge call,68
3114,GG DROW,,4,[Team0][Player4]: GG DROW,68
3115,lol,,7,[Team1][Player2]: lol,68
3116,haha carry,,9,[Team1][Player4]: haha carry,68
3117,we have gg carry,,1,[Team0][Player1]: we have gg carry,68
3118,WEw,,5,[Team1][Player0]: WEw,68
3119,Wew,,5,[Team1][Player0]: Wew,68
3120,чел афк,,7,[Team1][Player2]: чел афк,95
3121,?,,5,[Team1][Player0]: ?,95
3122,g,,5,[Team1][Player0]: g,95
3123,lol,,5,[Team1][Player0]: lol,95
3124,АХАХАХАХА,,8,[Team1][Player3]: АХАХАХАХА,95
3125,ВЫЕБАНЫЙ АКС,,8,[Team1][Player3]: ВЫЕБАНЫЙ АКС,95
3126,ПРОсто дура блядь ЛСная,x,8,[Team1][Player3]: ПРОсто дура блядь ЛСная,95
3127,Магнус прокастер),,8,[Team1][Player3]: Магнус прокастер),95
3128,0_0,,7,[Team1][Player2]: 0_0,95
3129,Wow,,5,[Team1][Player0]: Wow,95
3130,Gg,,5,[Team1][Player0]: Gg,95
3131,как мом выродок?,,2,[Team0][Player2]: как мом выродок?,95
3132,wp,,5,[Team1][Player0]: wp,95
3133,lmao,,5,[Team1][Player0]: lmao,95
3134,axxaax,,3,[Team0][Player3]: axxaax,55
3135,creo q ganare},,2,[Team0][Player2]: creo q ganare},55
3136,xd,,2,[Team0][Player2]: xd,55
3137,ok que bien,,5,[Team1][Player0]: ok que bien,55
3138,,,7,[Team1][Player2]: ,55
3139,,,2,[Team0][Player2]: ,55
3140,,,2,[Team0][Player2]: ,55
3141,,,4,[Team0][Player4]: ,55
3142,alv serrnaos,,3,[Team0][Player3]: alv serrnaos,55
3143,falta 5 min,,3,[Team0][Player3]: falta 5 min,55
3144,ctmr,,3,[Team0][Player3]: ctmr,55
3145,cuando no ganana mid sin ayuda,,2,[Team0][Player2]: cuando no ganana mid sin ayuda,55
3146,dime que quieres que haga,,3,[Team0][Player3]: dime que quieres que haga,55
3147,???,,3,[Team0][Player3]: ???,55
3148,soy mujer no abusen,,0,[Team0][Player0]: soy mujer no abusen,55
3149,pliz,,0,[Team0][Player0]: pliz,55
3150,ajajajajajjaa,,2,[Team0][Player2]: ajajajajajjaa,55
3151,otra voz,,2,[Team0][Player2]: otra voz,55
3152,lion tusk seran mis bonus,,2,[Team0][Player2]: lion tusk seran mis bonus,55
3153,,,7,[Team1][Player2]: ,55
3154,tu mid mas fay,,2,[Team0][Player2]: tu mid mas fay,55
3155,gay,,2,[Team0][Player2]: gay,55
3156,fue,,4,[Team0][Player4]: fue,55
3157,ez off,,4,[Team0][Player4]: ez off,55
3158,ez void,,4,[Team0][Player4]: ez void,55
3159,asco de mrd+,x,4,[Team0][Player4]: asco de mrd+,55
3160,ez void report,,4,[Team0][Player4]: ez void report,55
3161,lol,,8,[Team1][Player3]: lol,55
3162,WHY CHRONO ME,,6,[Team1][Player1]: WHY CHRONO ME,55
3163,gg,,4,[Team0][Player4]: gg,55
3164,gg eso pasa por confiar en un carry cruzado,,4,[Team0][Player4]: gg eso pasa por confiar en un carry cruzado,55
3165,fue gg,,4,[Team0][Player4]: fue gg,55
3166,report void cruzado de mrd,,4,[Team0][Player4]: report void cruzado de mrd,55
3167,Gg,,6,[Team1][Player1]: Gg,55
3168,gg wp,,1,[Team0][Player1]: gg wp,55
3169,psycho shit,,4,[Team0][Player4]: psycho shit,71
3170,ДОТА ')'),,8,[Team1][Player3]: ДОТА ')'),71
3171,DDDD,,6,[Team1][Player1]: DDDD,71
3172,xD,,0,[Team0][Player0]: xD,71
3173,каывгпшщцфкнрзегш,,8,[Team1][Player3]: каывгпшщцфкнрзегш,71
3174,XD,,8,[Team1][Player3]: XD,71
3175,))),,0,[Team0][Player0]: ))),71
3176,OK,,2,[Team0][Player2]: OK,71
3177,lc?,,5,[Team1][Player0]: lc?,71
3178,im gonna report u,,4,[Team0][Player4]: im gonna report u,71
3179,terchies,,4,[Team0][Player4]: terchies,71
3180,DDD,,6,[Team1][Player1]: DDD,71
3181,4k,,6,[Team1][Player1]: 4k,71
3182,Bastard,,6,[Team1][Player1]: Bastard,71
3183,pls.,,6,[Team1][Player1]: pls.,71
3184,u got no number,,4,[Team0][Player4]: u got no number,71
3185,but 5 star,,4,[Team0][Player4]: but 5 star,71
3186,smells like a boosted shit,,4,[Team0][Player4]: smells like a boosted shit,71
3187,:),,4,[Team0][Player4]: :),71
3188,fucking techka,,8,[Team1][Player3]: fucking techka,71
3189,),,0,[Team0][Player0]: ),71
3190,jebaited? xd,,5,[Team1][Player0]: jebaited? xd,71
3191,),,0,[Team0][Player0]: ),71
3192,)),,0,[Team0][Player0]: )),71
3193,DDDDDDDD,,6,[Team1][Player1]: DDDDDDDD,71
3194,fireyireoytujty[k,,8,[Team1][Player3]: fireyireoytujty[k,71
3195,retard:D,x,6,[Team1][Player1]: retard:D,71
3196,nice hero))),,7,[Team1][Player2]: nice hero))),71
3197,u gonna lose anway,,4,[Team0][Player4]: u gonna lose anway,71
3198,doesnt matter how many shitty mines u put down,,4,[Team0][Player4]: doesnt matter how many shitty mines u put down,71
3199,),,7,[Team1][Player2]: ),71
3200,27 минута тинкер 10 к нетворс,,8,[Team1][Player3]: 27 минута тинкер 10 к нетворс,71
3201,LOL,,3,[Team0][Player3]: LOL,71
3202,тинкер без аганима,,8,[Team1][Player3]: тинкер без аганима,71
3203,Закончите,,8,[Team1][Player3]: Закончите,71
3204,плиз,,8,[Team1][Player3]: плиз,71
3205,techies your -25 mmr i coming :),,4,[Team0][Player4]: techies your -25 mmr i coming :),71
3206,go def,,4,[Team0][Player4]: go def,71
3207,techies,,4,[Team0][Player4]: techies,71
3208,:'(,,4,[Team0][Player4]: :'(,71
3209,пгкуцщшнркегощгзлгнзжгшщхг,,8,[Team1][Player3]: пгкуцщшнркегощгзлгнзжгшщхг,71
3210,BB,,6,[Team1][Player1]: BB,71
3211,Fuck u ck,x,3,[Team0][Player3]: Fuck u ck,71
3212,haha,,4,[Team0][Player4]: haha,71
3213,noob,,6,[Team1][Player1]: noob,71
3214,trash,,4,[Team0][Player4]: trash,71
3215,rly?,,6,[Team1][Player1]: rly?,71
3216,if i have,,6,[Team1][Player1]: if i have,71
3217,nice carry,,6,[Team1][Player1]: nice carry,71
3218,you lose,,6,[Team1][Player1]: you lose,71
3219,ez,,6,[Team1][Player1]: ez,71
3220,but,,6,[Team1][Player1]: but,71
3221,tb,,6,[Team1][Player1]: tb,71
3222,2k pts,,6,[Team1][Player1]: 2k pts,71
3223,yeye,,4,[Team0][Player4]: yeye,71
3224,you to,,6,[Team1][Player1]: you to,71
3225,"get techies, get your -25 mmr",,4,"[Team0][Player4]: get techies, get your -25 mmr",71
3226,nvm,,6,[Team1][Player1]: nvm,71
3227,u shit,,4,[Team0][Player4]: u shit,71
3228,haha,,4,[Team0][Player4]: haha,71
3229,yeye,,4,[Team0][Player4]: yeye,71
3230,write more,,4,[Team0][Player4]: write more,71
3231,ancient,,6,[Team1][Player1]: ancient,71
3232,5,,6,[Team1][Player1]: 5,71
3233,...,,6,[Team1][Player1]: ...,71
3234,2017,,6,[Team1][Player1]: 2017,71
3235,8,,6,[Team1][Player1]: 8,71
3236,GG,,6,[Team1][Player1]: GG,71
3237,gg,,6,[Team1][Player1]: gg,6
3238,Report Bs ty,,6,[Team1][Player1]: Report Bs ty,6
3239,for what,,0,[Team0][Player0]: for what,6
3240,for waht?,,6,[Team1][Player1]: for waht?,6
3241,:DDD,,6,[Team1][Player1]: :DDD,6
3242,this team used everything on sven illusion,,8,[Team1][Player3]: this team used everything on sven illusion,6
3243,...,,8,[Team1][Player3]: ...,6
3244,u 1st pick tb,,0,[Team0][Player0]: u 1st pick tb,6
3245,then u wanna report bs for losing,,0,[Team0][Player0]: then u wanna report bs for losing,6
3246,am i supposed to lose gold cause my supports dont pick?,,5,[Team1][Player0]: am i supposed to lose gold cause my supports dont pick?,6
3247,y,,0,[Team0][Player0]: y,6
3248,then u pick support,,0,[Team0][Player0]: then u pick support,6
3249,not that we lose cause of tb pick#,,5,[Team1][Player0]: not that we lose cause of tb pick#,6
3250,pick support,,0,[Team0][Player0]: pick support,6
3251,and not core,,0,[Team0][Player0]: and not core,6
3252,not too hard,,0,[Team0][Player0]: not too hard,6
3253,why no one else on farm,,5,[Team1][Player0]: why no one else on farm,6
3254,8,,2,[Team0][Player2]: 8,6
3255,9,,2,[Team0][Player2]: 9,6
3256,how mu ch dmg,,2,[Team0][Player2]: how mu ch dmg,6
3257,lets see :D,,7,[Team1][Player2]: lets see :D,6
3258,XD,,2,[Team0][Player2]: XD,6
3259,oh come on :(,,7,[Team1][Player2]: oh come on :(,6
3260,wanted to stack more,,7,[Team1][Player2]: wanted to stack more,6
3261,gg wp,,7,[Team1][Player2]: gg wp,6
3262,зайдёт,,8,[Team1][Player3]: зайдёт,14
3263,ща 5 сек,,6,[Team1][Player1]: ща 5 сек,14
3264,уже перезапустил,,8,[Team1][Player3]: уже перезапустил,14
3265,БЛЯ,,1,[Team0][Player1]: БЛЯ,14
3266,СУКАААААААААААААААА,,1,[Team0][Player1]: СУКАААААААААААААААА,14
3267,Я ЩА,,9,[Team1][Player4]: Я ЩА,14
3268,зайдет мой хер в твое очко,,4,[Team0][Player4]: зайдет мой хер в твое очко,14
3269,3 сек,,5,[Team1][Player0]: 3 сек,14
3270,Я ЕБАЛ ВАС В РОТ!!!!!!!!!,,1,[Team0][Player1]: Я ЕБАЛ ВАС В РОТ!!!!!!!!!,14
3271,ЮБЛЯ,,1,[Team0][Player1]: ЮБЛЯ,14
3272,БЛЯТЬЬЬЬЬЬЬЬЬЬЬЬЬЬЭ,,1,[Team0][Player1]: БЛЯТЬЬЬЬЬЬЬЬЬЬЬЬЬЬЭ,14
3273,ААААААААААААААААААААААААААААААААААААААААААААААААААААААААААААААА,,1,[Team0][Player1]: ААААААААААААААААААААААААААААААААААААААААААААААААААААААААААААААА,14
3274,СУКААААААААААААААААААААААААААААААААААААААААА,,1,[Team0][Player1]: СУКААААААААААААААААААААААААААААААААААААААААА,14
3275,ВВВВВаааааааааааааааааааааааууууууууууууууууу,,1,[Team0][Player1]: ВВВВВаааааааааааааааааааааааууууууууууууууууу,14
3276,минуту,,8,[Team1][Player3]: минуту,14
3277,нихуя вы могете,,1,[Team0][Player1]: нихуя вы могете,14
3278,а улчше 2,,5,[Team1][Player0]: а улчше 2,14
3279,у по пизде ладошкой привелегии в майнкрафте на сервере мозяки,,0,[Team0][Player0]: у по пизде ладошкой привелегии в майнкрафте на сервере мозяки,14
3280,сукаааааааааааааааааааааааааааааааааааааааааааааааааааааааа,,1,[Team0][Player1]: сукаааааааааааааааааааааааааааааааааааааааааааааааааааааааа,14
3281,АЗАЗАЗА,,9,[Team1][Player4]: АЗАЗАЗА,14
3282,хвахв,,5,[Team1][Player0]: хвахв,14
3283,мое изи,,2,[Team0][Player2]: мое изи,14
3284,ааххаха,,6,[Team1][Player1]: ааххаха,14
3285,убил,,6,[Team1][Player1]: убил,14
3286,не выебывайся,,4,[Team0][Player4]: не выебывайся,14
3287,я тебя в соло ебу,,4,[Team0][Player4]: я тебя в соло ебу,14
3288,хахахах,,6,[Team1][Player1]: хахахах,14
3289,ххаха,,6,[Team1][Player1]: ххаха,14
3290,канешно,,6,[Team1][Player1]: канешно,14
3291,ахахахахахахах,,4,[Team0][Player4]: ахахахахахахах,14
3292,го неа роше,,4,[Team0][Player4]: го неа роше,14
3293,ахахахахахахахах,,4,[Team0][Player4]: ахахахахахахахах,14
3294,посмотри на мой и на твой фарм,,4,[Team0][Player4]: посмотри на мой и на твой фарм,14
3295,аххаха,,6,[Team1][Player1]: аххаха,14
3296,стоял 1,,6,[Team1][Player1]: стоял 1,14
3297,у меня мидер даун,,6,[Team1][Player1]: у меня мидер даун,14
3298,сосаьт,,6,[Team1][Player1]: сосаьт,14
3299,это соло?,,4,[Team0][Player4]: это соло?,14
3300,да,,6,[Team1][Player1]: да,14
3301,и рамзес,,6,[Team1][Player1]: и рамзес,14
3302,ахахахахахахахахахахах,,4,[Team0][Player4]: ахахахахахахахахахахах,14
3303,это что бы я тебя с одного удара не убил?,,8,[Team1][Player3]: это что бы я тебя с одного удара не убил?,14
3304,и ты тип возрадился такой на пафосе и дал мне пизды,,8,[Team1][Player3]: и ты тип возрадился такой на пафосе и дал мне пизды,14
3305,гг,,5,[Team1][Player0]: гг,14
3306,мое изи,,3,[Team0][Player3]: мое изи,14
3307,Aww,,1,[Team0][Player1]: Aww,82
3308,asdasdd,,1,[Team0][Player1]: asdasdd,82
3309,BLIAT,,4,[Team0][Player4]: BLIAT,82
3310,cyka blyat,,1,[Team0][Player1]: cyka blyat,82
3311,miposhka pasha ramzeez nyat.....,,1,[Team0][Player1]: miposhka pasha ramzeez nyat.....,82
3312,лошье обоссаное,x,8,[Team1][Player3]: лошье обоссаное,82
3313,минус все,,7,[Team1][Player2]: минус все,82
3314,ракалы,,9,[Team1][Player4]: ракалы,82
3315,))),,9,[Team1][Player4]: ))),82
3316,ебать молодцы какие правда не поможет но похуй,,7,[Team1][Player2]: ебать молодцы какие правда не поможет но похуй,82
3317,gg,,6,[Team1][Player1]: gg,82
3318,gg,,1,[Team0][Player1]: gg,82
3319,нк и,,0,[Team0][Player0]: нк и,60
3320,ну,,0,[Team0][Player0]: ну,60
3321,как,,0,[Team0][Player0]: как,60
3322,дела,,0,[Team0][Player0]: дела,60
3323,lgsss,,8,[Team1][Player3]: lgsss,60
3324,team nobi,,8,[Team1][Player3]: team nobi,60
3325,me ward ggggg,,8,[Team1][Player3]: me ward ggggg,60
3326,снайпер тебе норм,,4,[Team0][Player4]: снайпер тебе норм,60
3327,lolololololololololololo,,8,[Team1][Player3]: lolololololololololololo,60
3328,dota wtf,,8,[Team1][Player3]: dota wtf,60
3329,sniepr iterms omfggggggggggggggggggggggggggggggggggggggggggggggggggggggggggggggggggggggggggg,,8,[Team1][Player3]: sniepr iterms omfggggggggggggggggggggggggggggggggggggggggggggggggggggggggggggggggggggggggggg,60
3330,i hope we lose guys,,7,[Team1][Player2]: i hope we lose guys,60
3331,me wartdddd,,8,[Team1][Player3]: me wartdddd,60
3332,my team ( exept zeus) dont deserve to win,,7,[Team1][Player2]: my team ( exept zeus) dont deserve to win,60
3333,fffff,,8,[Team1][Player3]: fffff,60
3334,ward apppp,,8,[Team1][Player3]: ward apppp,60
3335,ward mapp,,8,[Team1][Player3]: ward mapp,60
3336,че по дефу?,,2,[Team0][Player2]: че по дефу?,60
3337,report,,7,[Team1][Player2]: report,60
3338,everyone exept zeus,,7,[Team1][Player2]: everyone exept zeus,60
3339,у вас же инвокер бомж,,2,[Team0][Player2]: у вас же инвокер бомж,1
3340,+,,7,[Team1][Player2]: +,1
3341,вся команда бомжей,,5,[Team1][Player0]: вся команда бомжей,1
3342,изи ммр,,5,[Team1][Player0]: изи ммр,1
3343,гг,,3,[Team0][Player3]: гг,1
3344,войд как йфармить??,,5,[Team1][Player0]: войд как йфармить??,1
3345,ну лан,,1,[Team0][Player1]: ну лан,1
3346,just finish,,5,[Team1][Player0]: just finish,1
3347,гг,,4,[Team0][Player4]: гг,1
3348,минус игра,,7,[Team1][Player2]: минус игра,97
3349,si,,3,[Team0][Player3]: si,97
3350,speak proper england gay,,1,[Team0][Player1]: speak proper england gay,97
3351,DAVAI,,2,[Team0][Player2]: DAVAI,97
3352,dabai,,7,[Team1][Player2]: dabai,97
3353,davai,,7,[Team1][Player2]: davai,97
3354,dubai,,8,[Team1][Player3]: dubai,97
3355,a pai,,4,[Team0][Player4]: a pai,97
3356,sosi,,8,[Team1][Player3]: sosi,97
3357,o pay,,7,[Team1][Player2]: o pay,97
3358,sum rice,,4,[Team0][Player4]: sum rice,97
3359,ROFL,,7,[Team1][Player2]: ROFL,97
3360,NICE GAME,,2,[Team0][Player2]: NICE GAME,97
3361,EZ,,1,[Team0][Player1]: EZ,97
3362,Easy win!,,2,[Team0][Player2]: Easy win!,97
3363,ЗЕМЛЯ ТЕБЕ ПУХОМ,,0,[Team0][Player0]: ЗЕМЛЯ ТЕБЕ ПУХОМ,51
3364,блять понаделают сетов(говна) не понятно теперь че где за герой,,4,[Team0][Player4]: блять понаделают сетов(говна) не понятно теперь че где за герой,51
3365,rlk ghndfaioöv erkmlfxd vmweo gnoisdü mvrapmgr amfglsdik mnvioawrmg sdkylfmgv,,6,[Team1][Player1]: rlk ghndfaioöv erkmlfxd vmweo gnoisdü mvrapmgr amfglsdik mnvioawrmg sdkylfmgv,51
3366,если б не было написано я бы не понял что это джагернаут,,4,[Team0][Player4]: если б не было написано я бы не понял что это джагернаут,51
3367,"lksgawr opkmdslögj ragjöldsmföldsm,völsm, xclömv sdlövm,",,6,"[Team1][Player1]: lksgawr opkmdslögj ragjöldsmföldsm,völsm, xclömv sdlövm,",51
3368,wtf,,4,[Team0][Player4]: wtf,51
3369,luck,,3,[Team0][Player3]: luck,51
3370,bomj,,4,[Team0][Player4]: bomj,51
3371,SO SO,,4,[Team0][Player4]: SO SO,51
3372,аа,,1,[Team0][Player1]: аа,51
3373,FF,,1,[Team0][Player1]: FF,51
3374,afk,,1,[Team0][Player1]: afk,51
3375,ff,,3,[Team0][Player3]: ff,51
3376,3 мрази сорри,,1,[Team0][Player1]: 3 мрази сорри,51
3377,дефолт,,1,[Team0][Player1]: дефолт,51
3378,[fds[f[dsf[,,3,[Team0][Player3]: [fds[f[dsf[,51
3379,хавыхахывах,,3,[Team0][Player3]: хавыхахывах,51
3380,сделал тп на 4-х,,3,[Team0][Player3]: сделал тп на 4-х,51
3381,один,,3,[Team0][Player3]: один,51
3382,ахвхаывхахывахв,,3,[Team0][Player3]: ахвхаывхахывахв,51
3383,3 мрази дефолт,,3,[Team0][Player3]: 3 мрази дефолт,51
3384,хавхахыха,,3,[Team0][Player3]: хавхахыха,51
3385,хахахаха,,2,[Team0][Player2]: хахахаха,51
3386,минус нервы,,3,[Team0][Player3]: минус нервы,51
3387,lol,,5,[Team1][Player0]: lol,51
3388,chase chase chase,,5,[Team1][Player0]: chase chase chase,51
3389,soso,,5,[Team1][Player0]: soso,51
3390,GGWP,,4,[Team0][Player4]: GGWP,51
3391,gg boyz,,5,[Team1][Player0]: gg boyz,51
3392,gg,,0,[Team0][Player0]: gg,51
3393,wp tinker,,0,[Team0][Player0]: wp tinker,51
3394,gg,,7,[Team1][Player2]: gg,51
3395,:d,,5,[Team1][Player0]: :d,51
3396,АХАХАХХАХА,,0,[Team0][Player0]: АХАХАХХАХА,74
3397,найс,,8,[Team1][Player3]: найс,74
3398,парни все ок,,1,[Team0][Player1]: парни все ок,74
3399,4* 4,,1,[Team0][Player1]: 4* 4,74
3400,ЛИВНИТЕ ПЛИЗ,,0,[Team0][Player0]: ЛИВНИТЕ ПЛИЗ,74
3401,цм репорт,,9,[Team1][Player4]: цм репорт,74
3402,сларк репорт,,0,[Team0][Player0]: сларк репорт,74
3403,лол,,9,[Team1][Player4]: лол,74
3404,вам цм игру выиграла,,9,[Team1][Player4]: вам цм игру выиграла,74
3405,ага,,2,[Team0][Player2]: ага,74
3406,и ты в миду,,2,[Team0][Player2]: и ты в миду,74
3407,ГИГИ,,0,[Team0][Player0]: ГИГИ,74
3408,HOW LONG DID IT TAKE YOU GUYS TO FIND THIS MATCH?,,6,[Team1][Player1]: HOW LONG DID IT TAKE YOU GUYS TO FIND THIS MATCH?,28
3409,zzzzz,,7,[Team1][Player2]: zzzzz,28
3410,peru connection,,7,[Team1][Player2]: peru connection,28
3411,could we pause in like 30 seconds instead?!,,6,[Team1][Player1]: could we pause in like 30 seconds instead?!,28
3412,classic jungle internet,,5,[Team1][Player0]: classic jungle internet,28
3413,lol,,7,[Team1][Player2]: lol,28
3414,hijos de  la repuat,x,2,[Team0][Player2]: hijos de  la repuat,28
3415,puta,x,2,[Team0][Player2]: puta,28
3416,zorra,,2,[Team0][Player2]: zorra,28
3417,no speaka taco,x,7,[Team1][Player2]: no speaka taco,28
3418,zzzzz,,7,[Team1][Player2]: zzzzz,28
3419,lol,,7,[Team1][Player2]: lol,28
3420,xd,,3,[Team0][Player3]: xd,28
3421,gj,,2,[Team0][Player2]: gj,28
3422,noob,,2,[Team0][Player2]: noob,28
3423,lol noobs,,7,[Team1][Player2]: lol noobs,28
3424,3 vs 1 support,,7,[Team1][Player2]: 3 vs 1 support,28
3425,ez,,7,[Team1][Player2]: ez,28
3426,2:4 core sandking noob,,7,[Team1][Player2]: 2:4 core sandking noob,28
3427,lol ez sk,,7,[Team1][Player2]: lol ez sk,28
3428,ez,,7,[Team1][Player2]: ez,28
3429,ez mid,,3,[Team0][Player3]: ez mid,28
3430,ty wards c:,,0,[Team0][Player0]: ty wards c:,28
3431,report lion carry,,3,[Team0][Player3]: report lion carry,28
3432,ez oof,,3,[Team0][Player3]: ez oof,28
3433,eso pasa cuiandp tienes dos carryus peruanos y un oof peruano copn 300 opm,,3,[Team0][Player3]: eso pasa cuiandp tienes dos carryus peruanos y un oof peruano copn 300 opm,28
3434,gg,,2,[Team0][Player2]: gg,28
3435,ez sk,,7,[Team1][Player2]: ez sk,28
3436,y mis carris ??,,3,[Team0][Player3]: y mis carris ??,28
3437,murieron como putas peruanas,x,3,[Team0][Player3]: murieron como putas peruanas,28
3438,agg,,3,[Team0][Player3]: agg,28
3439,reporten a ese slardar,,2,[Team0][Player2]: reporten a ese slardar,28
3440,no se callo en todo el game,,2,[Team0][Player2]: no se callo en todo el game,28
3441,tmr aburre jugar con peruanos,,3,[Team0][Player3]: tmr aburre jugar con peruanos,28
3442,luna con bkb,,3,[Team0][Player3]: luna con bkb,28
3443,xd,,3,[Team0][Player3]: xd,28
3444,Xd,,3,[Team0][Player3]: Xd,28
3445,xd,,3,[Team0][Player3]: xd,28
3446,una leyenda basura,,3,[Team0][Player3]: una leyenda basura,28
3447,k asco,,3,[Team0][Player3]: k asco,28
3448,dice el slardar,,2,[Team0][Player2]: dice el slardar,28
3449,q no sabe q es,,2,[Team0][Player2]: q no sabe q es,28
3450,no sabe ir oof i ba oof,,3,[Team0][Player3]: no sabe ir oof i ba oof,28
3451,k asco,,3,[Team0][Player3]: k asco,28
3452,no sabe escribir offlane,,2,[Team0][Player2]: no sabe escribir offlane,28
3453,XD,,2,[Team0][Player2]: XD,28
3454,le pega mi luna al k esta con mallas ya veo por k muere como puta,,3,[Team0][Player3]: le pega mi luna al k esta con mallas ya veo por k muere como puta,28
3455,GG,,6,[Team1][Player1]: GG,28
3456,mi shadow no sabe tirar ulty,,3,[Team0][Player3]: mi shadow no sabe tirar ulty,28
3457,GG,,9,[Team1][Player4]: GG,28
3458,GG REPORT SLARDAR,,2,[Team0][Player2]: GG REPORT SLARDAR,28
